"ID","Name","LongName","Parent","McCC","CLOC","PDA","PUA","LLOC","LOC"
"L118","FunctionInfo.java","/share/ProjectData/Closure/79/gen/com/google/javascript/jscomp/FunctionInfo.java","L117","1","0","0","4","79","88"
"L119","FunctionInformationMap.java","/share/ProjectData/Closure/79/gen/com/google/javascript/jscomp/FunctionInformationMap.java","L117","117","0","11","163","1149","1296"
"L120","Instrumentation.java","/share/ProjectData/Closure/79/gen/com/google/javascript/jscomp/Instrumentation.java","L117","54","0","6","70","513","574"
"L121","InstrumentationTemplate.java","/share/ProjectData/Closure/79/gen/com/google/javascript/jscomp/InstrumentationTemplate.java","L117","1","0","0","4","49","58"
"L127","AbstractCommandLineRunner.java","/share/ProjectData/Closure/79/src/com/google/javascript/jscomp/AbstractCommandLineRunner.java","L126","138","0","0","0","969","1631"
"L128","AbstractCompiler.java","/share/ProjectData/Closure/79/src/com/google/javascript/jscomp/AbstractCompiler.java","L126","2","0","9","0","69","288"
"L129","AbstractMessageFormatter.java","/share/ProjectData/Closure/79/src/com/google/javascript/jscomp/AbstractMessageFormatter.java","L126","4","0","1","2","49","88"
"L130","AbstractPeepholeOptimization.java","/share/ProjectData/Closure/79/src/com/google/javascript/jscomp/AbstractPeepholeOptimization.java","L126","7","0","0","0","53","140"
"L131","AliasExternals.java","/share/ProjectData/Closure/79/src/com/google/javascript/jscomp/AliasExternals.java","L126","74","0","0","0","384","782"
"L132","AliasKeywords.java","/share/ProjectData/Closure/79/src/com/google/javascript/jscomp/AliasKeywords.java","L126","19","0","0","0","239","462"
"L133","AliasStrings.java","/share/ProjectData/Closure/79/src/com/google/javascript/jscomp/AliasStrings.java","L126","63","0","0","0","279","474"
"L134","AmbiguateProperties.java","/share/ProjectData/Closure/79/src/com/google/javascript/jscomp/AmbiguateProperties.java","L126","60","0","0","0","415","636"
"L135","AnalyzeNameReferences.java","/share/ProjectData/Closure/79/src/com/google/javascript/jscomp/AnalyzeNameReferences.java","L126","9","0","0","0","88","145"
"L136","AnalyzePrototypeProperties.java","/share/ProjectData/Closure/79/src/com/google/javascript/jscomp/AnalyzePrototypeProperties.java","L126","72","0","0","0","439","701"
"L137","AnonymousFunctionNamingCallback.java","/share/ProjectData/Closure/79/src/com/google/javascript/jscomp/AnonymousFunctionNamingCallback.java","L126","12","0","0","0","60","138"
"L138","AnonymousFunctionNamingPolicy.java","/share/ProjectData/Closure/79/src/com/google/javascript/jscomp/AnonymousFunctionNamingPolicy.java","L126","1","0","2","0","14","62"
"L139","AstChangeProxy.java","/share/ProjectData/Closure/79/src/com/google/javascript/jscomp/AstChangeProxy.java","L126","11","0","0","0","62","132"
"L140","AstParallelizer.java","/share/ProjectData/Closure/79/src/com/google/javascript/jscomp/AstParallelizer.java","L126","8","0","0","0","138","238"
"L141","BasicErrorManager.java","/share/ProjectData/Closure/79/src/com/google/javascript/jscomp/BasicErrorManager.java","L126","27","0","2","8","114","183"
"L142","CallGraph.java","/share/ProjectData/Closure/79/src/com/google/javascript/jscomp/CallGraph.java","L126","64","0","25","2","407","810"
"L143","ChainableReverseAbstractInterpreter.java","/share/ProjectData/Closure/79/src/com/google/javascript/jscomp/ChainableReverseAbstractInterpreter.java","L126","46","0","0","0","386","619"
"L144","ChainCalls.java","/share/ProjectData/Closure/79/src/com/google/javascript/jscomp/ChainCalls.java","L126","21","0","0","0","139","195"
"L145","CheckAccessControls.java","/share/ProjectData/Closure/79/src/com/google/javascript/jscomp/CheckAccessControls.java","L126","108","0","0","0","419","641"
"L146","CheckAccidentalSemicolon.java","/share/ProjectData/Closure/79/src/com/google/javascript/jscomp/CheckAccidentalSemicolon.java","L126","8","0","0","0","36","74"
"L147","CheckGlobalNames.java","/share/ProjectData/Closure/79/src/com/google/javascript/jscomp/CheckGlobalNames.java","L126","22","0","0","0","97","176"
"L148","CheckGlobalThis.java","/share/ProjectData/Closure/79/src/com/google/javascript/jscomp/CheckGlobalThis.java","L126","37","0","0","0","101","204"
"L149","CheckLevel.java","/share/ProjectData/Closure/79/src/com/google/javascript/jscomp/CheckLevel.java","L126","1","0","1","0","9","33"
"L150","CheckLevelLegacy.java","/share/ProjectData/Closure/79/src/com/google/javascript/jscomp/CheckLevelLegacy.java","L126","1","0","1","0","7","31"
"L151","CheckMissingGetCssName.java","/share/ProjectData/Closure/79/src/com/google/javascript/jscomp/CheckMissingGetCssName.java","L126","18","0","0","0","80","125"
"L152","CheckMissingReturn.java","/share/ProjectData/Closure/79/src/com/google/javascript/jscomp/CheckMissingReturn.java","L126","16","0","0","0","114","193"
"L153","CheckPathsBetweenNodes.java","/share/ProjectData/Closure/79/src/com/google/javascript/jscomp/CheckPathsBetweenNodes.java","L126","25","0","0","0","127","231"
"L154","CheckPropertyOrder.java","/share/ProjectData/Closure/79/src/com/google/javascript/jscomp/CheckPropertyOrder.java","L126","41","0","0","0","227","350"
"L155","CheckProvides.java","/share/ProjectData/Closure/79/src/com/google/javascript/jscomp/CheckProvides.java","L126","15","0","0","0","85","117"
"L156","CheckRegExp.java","/share/ProjectData/Closure/79/src/com/google/javascript/jscomp/CheckRegExp.java","L126","10","0","0","0","38","68"
"L157","CheckRequiresForConstructors.java","/share/ProjectData/Closure/79/src/com/google/javascript/jscomp/CheckRequiresForConstructors.java","L126","33","0","0","0","126","182"
"L158","CheckSideEffects.java","/share/ProjectData/Closure/79/src/com/google/javascript/jscomp/CheckSideEffects.java","L126","28","0","0","0","68","120"
"L159","CheckUnreachableCode.java","/share/ProjectData/Closure/79/src/com/google/javascript/jscomp/CheckUnreachableCode.java","L126","9","0","0","0","68","115"
"L160","ClosureCodeRemoval.java","/share/ProjectData/Closure/79/src/com/google/javascript/jscomp/ClosureCodeRemoval.java","L126","18","0","0","0","118","232"
"L161","ClosureCodingConvention.java","/share/ProjectData/Closure/79/src/com/google/javascript/jscomp/ClosureCodingConvention.java","L126","42","0","7","13","247","368"
"L162","ClosureReverseAbstractInterpreter.java","/share/ProjectData/Closure/79/src/com/google/javascript/jscomp/ClosureReverseAbstractInterpreter.java","L126","21","0","0","0","186","250"
"L163","CoalesceVariableNames.java","/share/ProjectData/Closure/79/src/com/google/javascript/jscomp/CoalesceVariableNames.java","L126","65","0","0","0","285","433"
"L164","CodeChangeHandler.java","/share/ProjectData/Closure/79/src/com/google/javascript/jscomp/CodeChangeHandler.java","L126","1","0","0","0","21","60"
"L165","CodeConsumer.java","/share/ProjectData/Closure/79/src/com/google/javascript/jscomp/CodeConsumer.java","L126","27","0","0","0","162","289"
"L166","CodeGenerator.java","/share/ProjectData/Closure/79/src/com/google/javascript/jscomp/CodeGenerator.java","L126","202","0","0","0","850","1162"
"L167","CodePrinter.java","/share/ProjectData/Closure/79/src/com/google/javascript/jscomp/CodePrinter.java","L126","45","0","0","0","380","630"
"L168","CodingConvention.java","/share/ProjectData/Closure/79/src/com/google/javascript/jscomp/CodingConvention.java","L126","1","0","34","5","99","346"
"L169","CollapseAnonymousFunctions.java","/share/ProjectData/Closure/79/src/com/google/javascript/jscomp/CollapseAnonymousFunctions.java","L126","16","0","0","0","68","121"
"L170","CollapseProperties.java","/share/ProjectData/Closure/79/src/com/google/javascript/jscomp/CollapseProperties.java","L126","111","0","0","0","472","872"
"L171","CollapseVariableDeclarations.java","/share/ProjectData/Closure/79/src/com/google/javascript/jscomp/CollapseVariableDeclarations.java","L126","62","0","0","0","203","394"
"L172","CombinedCompilerPass.java","/share/ProjectData/Closure/79/src/com/google/javascript/jscomp/CombinedCompilerPass.java","L126","16","0","0","0","97","190"
"L173","CommandLineRunner.java","/share/ProjectData/Closure/79/src/com/google/javascript/jscomp/CommandLineRunner.java","L126","27","0","4","0","515","694"
"L174","CompilationLevel.java","/share/ProjectData/Closure/79/src/com/google/javascript/jscomp/CompilationLevel.java","L126","4","0","1","2","95","178"
"L175","Compiler.java","/share/ProjectData/Closure/79/src/com/google/javascript/jscomp/Compiler.java","L126","142","0","42","22","1278","1929"
"L176","CompilerInput.java","/share/ProjectData/Closure/79/src/com/google/javascript/jscomp/CompilerInput.java","L126","15","0","12","11","182","301"
"L177","CompilerOptions.java","/share/ProjectData/Closure/79/src/com/google/javascript/jscomp/CompilerOptions.java","L126","9","0","31","17","500","1193"
"L178","CompilerPass.java","/share/ProjectData/Closure/79/src/com/google/javascript/jscomp/CompilerPass.java","L126","1","0","2","0","5","42"
"L179","ComposeWarningsGuard.java","/share/ProjectData/Closure/79/src/com/google/javascript/jscomp/ComposeWarningsGuard.java","L126","13","0","2","4","77","126"
"L180","ConcreteType.java","/share/ProjectData/Closure/79/src/com/google/javascript/jscomp/ConcreteType.java","L126","61","0","0","0","432","720"
"L181","ConstCheck.java","/share/ProjectData/Closure/79/src/com/google/javascript/jscomp/ConstCheck.java","L126","27","0","0","0","88","134"
"L182","ControlFlowAnalysis.java","/share/ProjectData/Closure/79/src/com/google/javascript/jscomp/ControlFlowAnalysis.java","L126","168","0","0","0","691","1042"
"L183","ControlFlowGraph.java","/share/ProjectData/Closure/79/src/com/google/javascript/jscomp/ControlFlowGraph.java","L126","17","0","0","0","83","197"
"L184","ControlStructureCheck.java","/share/ProjectData/Closure/79/src/com/google/javascript/jscomp/ControlStructureCheck.java","L126","6","0","0","0","41","79"
"L185","ConvertToDottedProperties.java","/share/ProjectData/Closure/79/src/com/google/javascript/jscomp/ConvertToDottedProperties.java","L126","6","0","0","0","36","66"
"L186","CreateSyntheticBlocks.java","/share/ProjectData/Closure/79/src/com/google/javascript/jscomp/CreateSyntheticBlocks.java","L126","14","0","0","0","127","220"
"L187","CrossModuleCodeMotion.java","/share/ProjectData/Closure/79/src/com/google/javascript/jscomp/CrossModuleCodeMotion.java","L126","68","0","0","0","257","423"
"L188","CrossModuleMethodMotion.java","/share/ProjectData/Closure/79/src/com/google/javascript/jscomp/CrossModuleMethodMotion.java","L126","15","0","0","0","124","219"
"L189","CssRenamingMap.java","/share/ProjectData/Closure/79/src/com/google/javascript/jscomp/CssRenamingMap.java","L126","1","0","1","9","21","48"
"L190","CustomPassExecutionTime.java","/share/ProjectData/Closure/79/src/com/google/javascript/jscomp/CustomPassExecutionTime.java","L126","1","0","1","0","7","29"
"L191","DataFlowAnalysis.java","/share/ProjectData/Closure/79/src/com/google/javascript/jscomp/DataFlowAnalysis.java","L126","38","0","0","0","306","580"
"L192","DeadAssignmentsElimination.java","/share/ProjectData/Closure/79/src/com/google/javascript/jscomp/DeadAssignmentsElimination.java","L126","56","0","0","0","222","355"
"L193","DefaultCodingConvention.java","/share/ProjectData/Closure/79/src/com/google/javascript/jscomp/DefaultCodingConvention.java","L126","4","0","1","28","129","189"
"L194","DefaultPassConfig.java","/share/ProjectData/Closure/79/src/com/google/javascript/jscomp/DefaultPassConfig.java","L126","162","0","1","1","1465","2048"
"L195","DefinitionProvider.java","/share/ProjectData/Closure/79/src/com/google/javascript/jscomp/DefinitionProvider.java","L126","1","0","0","0","7","39"
"L196","DefinitionSite.java","/share/ProjectData/Closure/79/src/com/google/javascript/jscomp/DefinitionSite.java","L126","1","0","0","0","21","48"
"L197","DefinitionsRemover.java","/share/ProjectData/Closure/79/src/com/google/javascript/jscomp/DefinitionsRemover.java","L126","28","0","0","0","254","408"
"L198","Denormalize.java","/share/ProjectData/Closure/79/src/com/google/javascript/jscomp/Denormalize.java","L126","18","0","0","0","86","152"
"L199","DevirtualizePrototypeMethods.java","/share/ProjectData/Closure/79/src/com/google/javascript/jscomp/DevirtualizePrototypeMethods.java","L126","40","0","0","0","213","402"
"L200","DiagnosticGroup.java","/share/ProjectData/Closure/79/src/com/google/javascript/jscomp/DiagnosticGroup.java","L126","5","0","5","0","49","111"
"L201","DiagnosticGroups.java","/share/ProjectData/Closure/79/src/com/google/javascript/jscomp/DiagnosticGroups.java","L126","2","0","1","1","123","183"
"L202","DiagnosticGroupWarningsGuard.java","/share/ProjectData/Closure/79/src/com/google/javascript/jscomp/DiagnosticGroupWarningsGuard.java","L126","6","0","1","4","30","59"
"L203","DiagnosticType.java","/share/ProjectData/Closure/79/src/com/google/javascript/jscomp/DiagnosticType.java","L126","1","0","5","2","41","119"
"L204","DisambiguateProperties.java","/share/ProjectData/Closure/79/src/com/google/javascript/jscomp/DisambiguateProperties.java","L126","126","0","0","0","671","997"
"L205","DotFormatter.java","/share/ProjectData/Closure/79/src/com/google/javascript/jscomp/DotFormatter.java","L126","21","0","3","0","184","297"
"L206","ErrorFormat.java","/share/ProjectData/Closure/79/src/com/google/javascript/jscomp/ErrorFormat.java","L126","1","0","2","0","45","71"
"L207","ErrorManager.java","/share/ProjectData/Closure/79/src/com/google/javascript/jscomp/ErrorManager.java","L126","1","0","9","0","12","72"
"L208","ErrorPass.java","/share/ProjectData/Closure/79/src/com/google/javascript/jscomp/ErrorPass.java","L126","1","0","0","0","17","44"
"L209","ExportTestFunctions.java","/share/ProjectData/Closure/79/src/com/google/javascript/jscomp/ExportTestFunctions.java","L126","10","0","0","0","63","128"
"L210","ExpressionDecomposer.java","/share/ProjectData/Closure/79/src/com/google/javascript/jscomp/ExpressionDecomposer.java","L126","78","0","0","0","438","876"
"L211","ExternExportsPass.java","/share/ProjectData/Closure/79/src/com/google/javascript/jscomp/ExternExportsPass.java","L126","40","0","0","0","288","524"
"L212","ExtractPrototypeMemberDeclarations.java","/share/ProjectData/Closure/79/src/com/google/javascript/jscomp/ExtractPrototypeMemberDeclarations.java","L126","15","0","0","0","145","308"
"L213","FindExportableNodes.java","/share/ProjectData/Closure/79/src/com/google/javascript/jscomp/FindExportableNodes.java","L126","15","0","2","7","79","137"
"L214","FlowScope.java","/share/ProjectData/Closure/79/src/com/google/javascript/jscomp/FlowScope.java","L126","1","0","0","0","13","82"
"L215","FlowSensitiveInlineVariables.java","/share/ProjectData/Closure/79/src/com/google/javascript/jscomp/FlowSensitiveInlineVariables.java","L126","61","0","0","0","281","479"
"L216","FunctionArgumentInjector.java","/share/ProjectData/Closure/79/src/com/google/javascript/jscomp/FunctionArgumentInjector.java","L126","63","0","0","0","257","466"
"L217","FunctionInjector.java","/share/ProjectData/Closure/79/src/com/google/javascript/jscomp/FunctionInjector.java","L126","89","0","0","0","446","866"
"L218","FunctionNames.java","/share/ProjectData/Closure/79/src/com/google/javascript/jscomp/FunctionNames.java","L126","6","0","0","0","107","177"
"L219","FunctionRewriter.java","/share/ProjectData/Closure/79/src/com/google/javascript/jscomp/FunctionRewriter.java","L126","40","0","0","0","311","534"
"L220","FunctionToBlockMutator.java","/share/ProjectData/Closure/79/src/com/google/javascript/jscomp/FunctionToBlockMutator.java","L126","31","0","0","0","215","432"
"L221","FunctionTypeBuilder.java","/share/ProjectData/Closure/79/src/com/google/javascript/jscomp/FunctionTypeBuilder.java","L126","118","0","0","0","514","755"
"L222","GatherRawExports.java","/share/ProjectData/Closure/79/src/com/google/javascript/jscomp/GatherRawExports.java","L126","8","0","0","0","46","82"
"L223","GatherSideEffectSubexpressionsCallback.java","/share/ProjectData/Closure/79/src/com/google/javascript/jscomp/GatherSideEffectSubexpressionsCallback.java","L126","30","0","0","0","204","359"
"L224","GenerateExports.java","/share/ProjectData/Closure/79/src/com/google/javascript/jscomp/GenerateExports.java","L126","14","0","0","0","98","160"
"L225","GlobalNamespace.java","/share/ProjectData/Closure/79/src/com/google/javascript/jscomp/GlobalNamespace.java","L126","179","0","0","0","705","1102"
"L226","GoogleCodingConvention.java","/share/ProjectData/Closure/79/src/com/google/javascript/jscomp/GoogleCodingConvention.java","L126","9","0","6","2","52","146"
"L227","GroupVariableDeclarations.java","/share/ProjectData/Closure/79/src/com/google/javascript/jscomp/GroupVariableDeclarations.java","L126","12","0","0","0","87","182"
"L228","IgnoreCajaProperties.java","/share/ProjectData/Closure/79/src/com/google/javascript/jscomp/IgnoreCajaProperties.java","L126","4","0","0","0","72","132"
"L229","InferJSDocInfo.java","/share/ProjectData/Closure/79/src/com/google/javascript/jscomp/InferJSDocInfo.java","L126","38","0","0","0","111","214"
"L230","InlineCostEstimator.java","/share/ProjectData/Closure/79/src/com/google/javascript/jscomp/InlineCostEstimator.java","L126","2","0","0","0","52","99"
"L231","InlineFunctions.java","/share/ProjectData/Closure/79/src/com/google/javascript/jscomp/InlineFunctions.java","L126","117","0","0","0","690","1078"
"L232","InlineSimpleMethods.java","/share/ProjectData/Closure/79/src/com/google/javascript/jscomp/InlineSimpleMethods.java","L126","30","0","0","0","165","303"
"L233","InlineVariables.java","/share/ProjectData/Closure/79/src/com/google/javascript/jscomp/InlineVariables.java","L126","90","0","0","0","411","688"
"L234","InstrumentFunctions.java","/share/ProjectData/Closure/79/src/com/google/javascript/jscomp/InstrumentFunctions.java","L126","25","0","0","0","208","340"
"L235","InvocationsCallback.java","/share/ProjectData/Closure/79/src/com/google/javascript/jscomp/InvocationsCallback.java","L126","4","0","0","0","22","70"
"L236","JoinOp.java","/share/ProjectData/Closure/79/src/com/google/javascript/jscomp/JoinOp.java","L126","4","0","0","0","32","76"
"L237","JsAst.java","/share/ProjectData/Closure/79/src/com/google/javascript/jscomp/JsAst.java","L126","6","0","1","5","65","108"
"L238","JSError.java","/share/ProjectData/Closure/79/src/com/google/javascript/jscomp/JSError.java","L126","21","0","8","4","117","250"
"L239","JsMessage.java","/share/ProjectData/Closure/79/src/com/google/javascript/jscomp/JsMessage.java","L126","60","0","24","17","390","671"
"L240","JsMessageDefinition.java","/share/ProjectData/Closure/79/src/com/google/javascript/jscomp/JsMessageDefinition.java","L126","1","0","0","0","22","78"
"L241","JsMessageExtractor.java","/share/ProjectData/Closure/79/src/com/google/javascript/jscomp/JsMessageExtractor.java","L126","5","0","3","1","61","147"
"L242","JsMessageVisitor.java","/share/ProjectData/Closure/79/src/com/google/javascript/jscomp/JsMessageVisitor.java","L126","88","0","0","0","486","833"
"L243","JSModule.java","/share/ProjectData/Closure/79/src/com/google/javascript/jscomp/JSModule.java","L126","14","0","23","3","171","293"
"L244","JSModuleGraph.java","/share/ProjectData/Closure/79/src/com/google/javascript/jscomp/JSModuleGraph.java","L126","35","0","7","0","231","419"
"L245","JSSourceFile.java","/share/ProjectData/Closure/79/src/com/google/javascript/jscomp/JSSourceFile.java","L126","1","0","1","9","50","92"
"L246","LatticeElement.java","/share/ProjectData/Closure/79/src/com/google/javascript/jscomp/LatticeElement.java","L126","1","0","0","0","3","26"
"L247","LightweightMessageFormatter.java","/share/ProjectData/Closure/79/src/com/google/javascript/jscomp/LightweightMessageFormatter.java","L126","17","0","1","4","117","176"
"L248","LineNumberCheck.java","/share/ProjectData/Closure/79/src/com/google/javascript/jscomp/LineNumberCheck.java","L126","5","0","0","0","42","80"
"L249","LinkedFlowScope.java","/share/ProjectData/Closure/79/src/com/google/javascript/jscomp/LinkedFlowScope.java","L126","54","0","0","0","289","490"
"L250","LiveVariablesAnalysis.java","/share/ProjectData/Closure/79/src/com/google/javascript/jscomp/LiveVariablesAnalysis.java","L126","34","0","0","0","200","298"
"L251","LocaleUtil.java","/share/ProjectData/Closure/79/src/com/google/javascript/jscomp/LocaleUtil.java","L126","2","0","0","0","19","65"
"L252","LoggerErrorManager.java","/share/ProjectData/Closure/79/src/com/google/javascript/jscomp/LoggerErrorManager.java","L126","6","0","3","1","40","76"
"L253","MakeDeclaredNamesUnique.java","/share/ProjectData/Closure/79/src/com/google/javascript/jscomp/MakeDeclaredNamesUnique.java","L126","48","0","0","0","358","567"
"L254","MarkNoSideEffectCalls.java","/share/ProjectData/Closure/79/src/com/google/javascript/jscomp/MarkNoSideEffectCalls.java","L126","32","0","0","0","126","200"
"L255","MaybeReachingVariableUse.java","/share/ProjectData/Closure/79/src/com/google/javascript/jscomp/MaybeReachingVariableUse.java","L126","31","0","0","0","163","285"
"L256","MemoizedScopeCreator.java","/share/ProjectData/Closure/79/src/com/google/javascript/jscomp/MemoizedScopeCreator.java","L126","2","0","0","0","23","61"
"L257","MessageBundle.java","/share/ProjectData/Closure/79/src/com/google/javascript/jscomp/MessageBundle.java","L126","1","0","5","0","8","59"
"L258","MessageFormatter.java","/share/ProjectData/Closure/79/src/com/google/javascript/jscomp/MessageFormatter.java","L126","1","0","3","0","5","34"
"L259","MethodCompilerPass.java","/share/ProjectData/Closure/79/src/com/google/javascript/jscomp/MethodCompilerPass.java","L126","31","0","0","0","149","263"
"L260","MinimizeExitPoints.java","/share/ProjectData/Closure/79/src/com/google/javascript/jscomp/MinimizeExitPoints.java","L126","35","0","0","0","174","323"
"L261","MoveFunctionDeclarations.java","/share/ProjectData/Closure/79/src/com/google/javascript/jscomp/MoveFunctionDeclarations.java","L126","8","0","0","0","51","97"
"L262","MustBeReachingVariableDef.java","/share/ProjectData/Closure/79/src/com/google/javascript/jscomp/MustBeReachingVariableDef.java","L126","47","0","0","0","241","389"
"L263","NameAnalyzer.java","/share/ProjectData/Closure/79/src/com/google/javascript/jscomp/NameAnalyzer.java","L126","219","0","0","0","1064","1754"
"L264","NameAnonymousFunctions.java","/share/ProjectData/Closure/79/src/com/google/javascript/jscomp/NameAnonymousFunctions.java","L126","1","0","0","0","48","102"
"L265","NameAnonymousFunctionsMapped.java","/share/ProjectData/Closure/79/src/com/google/javascript/jscomp/NameAnonymousFunctionsMapped.java","L126","5","0","0","0","67","125"
"L266","NameGenerator.java","/share/ProjectData/Closure/79/src/com/google/javascript/jscomp/NameGenerator.java","L126","15","0","0","0","81","149"
"L267","NameReferenceGraph.java","/share/ProjectData/Closure/79/src/com/google/javascript/jscomp/NameReferenceGraph.java","L126","18","0","0","0","222","407"
"L268","NameReferenceGraphConstruction.java","/share/ProjectData/Closure/79/src/com/google/javascript/jscomp/NameReferenceGraphConstruction.java","L126","90","0","0","0","441","635"
"L269","NameReferenceGraphReport.java","/share/ProjectData/Closure/79/src/com/google/javascript/jscomp/NameReferenceGraphReport.java","L126","17","0","0","0","164","311"
"L270","NodeIterators.java","/share/ProjectData/Closure/79/src/com/google/javascript/jscomp/NodeIterators.java","L126","28","0","0","0","156","286"
"L271","NodeNameExtractor.java","/share/ProjectData/Closure/79/src/com/google/javascript/jscomp/NodeNameExtractor.java","L126","14","0","0","0","59","96"
"L272","NodeTraversal.java","/share/ProjectData/Closure/79/src/com/google/javascript/jscomp/NodeTraversal.java","L126","42","0","31","7","358","641"
"L273","NodeUtil.java","/share/ProjectData/Closure/79/src/com/google/javascript/jscomp/NodeUtil.java","L126","669","0","5","0","1877","2974"
"L274","Normalize.java","/share/ProjectData/Closure/79/src/com/google/javascript/jscomp/Normalize.java","L126","86","0","0","0","477","780"
"L275","ObjectPropertyStringPostprocess.java","/share/ProjectData/Closure/79/src/com/google/javascript/jscomp/ObjectPropertyStringPostprocess.java","L126","5","0","0","0","46","93"
"L276","ObjectPropertyStringPreprocess.java","/share/ProjectData/Closure/79/src/com/google/javascript/jscomp/ObjectPropertyStringPreprocess.java","L126","7","0","1","1","83","137"
"L277","OptimizeArgumentsArray.java","/share/ProjectData/Closure/79/src/com/google/javascript/jscomp/OptimizeArgumentsArray.java","L126","20","0","0","0","129","299"
"L278","OptimizeCalls.java","/share/ProjectData/Closure/79/src/com/google/javascript/jscomp/OptimizeCalls.java","L126","3","0","0","0","28","62"
"L279","OptimizeParameters.java","/share/ProjectData/Closure/79/src/com/google/javascript/jscomp/OptimizeParameters.java","L126","37","0","0","0","229","389"
"L280","OptimizeReturns.java","/share/ProjectData/Closure/79/src/com/google/javascript/jscomp/OptimizeReturns.java","L126","29","0","0","0","129","234"
"L281","ParallelCompilerPass.java","/share/ProjectData/Closure/79/src/com/google/javascript/jscomp/ParallelCompilerPass.java","L126","14","0","0","0","118","227"
"L282","PassConfig.java","/share/ProjectData/Closure/79/src/com/google/javascript/jscomp/PassConfig.java","L126","11","0","1","1","156","282"
"L283","PassFactory.java","/share/ProjectData/Closure/79/src/com/google/javascript/jscomp/PassFactory.java","L126","3","0","1","0","36","93"
"L284","PeepholeFoldConstants.java","/share/ProjectData/Closure/79/src/com/google/javascript/jscomp/PeepholeFoldConstants.java","L126","348","0","0","0","1185","1604"
"L285","PeepholeFoldWithTypes.java","/share/ProjectData/Closure/79/src/com/google/javascript/jscomp/PeepholeFoldWithTypes.java","L126","13","0","0","0","48","118"
"L286","PeepholeOptimizationsPass.java","/share/ProjectData/Closure/79/src/com/google/javascript/jscomp/PeepholeOptimizationsPass.java","L126","7","0","0","0","53","102"
"L287","PeepholeRemoveDeadCode.java","/share/ProjectData/Closure/79/src/com/google/javascript/jscomp/PeepholeRemoveDeadCode.java","L126","135","0","0","0","563","866"
"L288","PeepholeSubstituteAlternateSyntax.java","/share/ProjectData/Closure/79/src/com/google/javascript/jscomp/PeepholeSubstituteAlternateSyntax.java","L126","200","0","0","0","803","1306"
"L289","PerformanceTracker.java","/share/ProjectData/Closure/79/src/com/google/javascript/jscomp/PerformanceTracker.java","L126","13","0","1","3","134","200"
"L290","PhaseOptimizer.java","/share/ProjectData/Closure/79/src/com/google/javascript/jscomp/PhaseOptimizer.java","L126","26","0","0","0","232","384"
"L291","PrepareAst.java","/share/ProjectData/Closure/79/src/com/google/javascript/jscomp/PrepareAst.java","L126","35","0","0","0","155","259"
"L292","PrintStreamErrorManager.java","/share/ProjectData/Closure/79/src/com/google/javascript/jscomp/PrintStreamErrorManager.java","L126","7","0","3","3","37","80"
"L293","ProcessClosurePrimitives.java","/share/ProjectData/Closure/79/src/com/google/javascript/jscomp/ProcessClosurePrimitives.java","L126","141","0","0","0","692","1013"
"L294","ProcessDefines.java","/share/ProjectData/Closure/79/src/com/google/javascript/jscomp/ProcessDefines.java","L126","59","0","0","0","316","532"
"L295","ProcessTweaks.java","/share/ProjectData/Closure/79/src/com/google/javascript/jscomp/ProcessTweaks.java","L126","44","0","0","0","401","559"
"L296","PropertyRenamingPolicy.java","/share/ProjectData/Closure/79/src/com/google/javascript/jscomp/PropertyRenamingPolicy.java","L126","1","0","1","0","8","51"
"L297","PureFunctionIdentifier.java","/share/ProjectData/Closure/79/src/com/google/javascript/jscomp/PureFunctionIdentifier.java","L126","156","0","0","0","725","1117"
"L298","RecordFunctionInformation.java","/share/ProjectData/Closure/79/src/com/google/javascript/jscomp/RecordFunctionInformation.java","L126","7","0","0","0","76","134"
"L299","ReferenceCollectingCallback.java","/share/ProjectData/Closure/79/src/com/google/javascript/jscomp/ReferenceCollectingCallback.java","L126","68","0","0","0","344","614"
"L300","Region.java","/share/ProjectData/Closure/79/src/com/google/javascript/jscomp/Region.java","L126","1","0","4","0","6","39"
"L301","RemoveTryCatch.java","/share/ProjectData/Closure/79/src/com/google/javascript/jscomp/RemoveTryCatch.java","L126","14","0","0","0","65","112"
"L302","RemoveUnusedNames.java","/share/ProjectData/Closure/79/src/com/google/javascript/jscomp/RemoveUnusedNames.java","L126","6","0","0","0","37","76"
"L303","RemoveUnusedPrototypeProperties.java","/share/ProjectData/Closure/79/src/com/google/javascript/jscomp/RemoveUnusedPrototypeProperties.java","L126","14","0","0","0","88","148"
"L304","RemoveUnusedVars.java","/share/ProjectData/Closure/79/src/com/google/javascript/jscomp/RemoveUnusedVars.java","L126","121","0","0","0","543","939"
"L305","RenameLabels.java","/share/ProjectData/Closure/79/src/com/google/javascript/jscomp/RenameLabels.java","L126","12","0","0","0","120","258"
"L306","RenameProperties.java","/share/ProjectData/Closure/79/src/com/google/javascript/jscomp/RenameProperties.java","L126","53","0","0","0","270","465"
"L307","RenamePrototypes.java","/share/ProjectData/Closure/79/src/com/google/javascript/jscomp/RenamePrototypes.java","L126","52","0","0","0","257","450"
"L308","RenameVars.java","/share/ProjectData/Closure/79/src/com/google/javascript/jscomp/RenameVars.java","L126","58","0","0","0","335","569"
"L309","ReplaceCssNames.java","/share/ProjectData/Closure/79/src/com/google/javascript/jscomp/ReplaceCssNames.java","L126","17","0","0","0","139","255"
"L310","ReplaceIdGenerators.java","/share/ProjectData/Closure/79/src/com/google/javascript/jscomp/ReplaceIdGenerators.java","L126","9","0","0","0","95","141"
"L311","ReplaceMessages.java","/share/ProjectData/Closure/79/src/com/google/javascript/jscomp/ReplaceMessages.java","L126","26","0","0","0","179","360"
"L312","ReplaceStrings.java","/share/ProjectData/Closure/79/src/com/google/javascript/jscomp/ReplaceStrings.java","L126","44","0","0","0","297","471"
"L313","Result.java","/share/ProjectData/Closure/79/src/com/google/javascript/jscomp/Result.java","L126","1","0","2","0","47","72"
"L314","ReverseAbstractInterpreter.java","/share/ProjectData/Closure/79/src/com/google/javascript/jscomp/ReverseAbstractInterpreter.java","L126","1","0","0","0","6","44"
"L315","RhinoErrorReporter.java","/share/ProjectData/Closure/79/src/com/google/javascript/jscomp/RhinoErrorReporter.java","L126","3","0","0","0","98","162"
"L316","RuntimeTypeCheck.java","/share/ProjectData/Closure/79/src/com/google/javascript/jscomp/RuntimeTypeCheck.java","L126","42","0","0","0","259","401"
"L317","SanityCheck.java","/share/ProjectData/Closure/79/src/com/google/javascript/jscomp/SanityCheck.java","L126","7","0","0","0","62","124"
"L318","Scope.java","/share/ProjectData/Closure/79/src/com/google/javascript/jscomp/Scope.java","L126","21","0","21","10","244","487"
"L319","ScopeCreator.java","/share/ProjectData/Closure/79/src/com/google/javascript/jscomp/ScopeCreator.java","L126","1","0","0","0","5","36"
"L320","ScopedAliases.java","/share/ProjectData/Closure/79/src/com/google/javascript/jscomp/ScopedAliases.java","L126","43","0","0","0","223","328"
"L321","SemanticReverseAbstractInterpreter.java","/share/ProjectData/Closure/79/src/com/google/javascript/jscomp/SemanticReverseAbstractInterpreter.java","L126","100","0","0","0","451","573"
"L322","ShadowVariables.java","/share/ProjectData/Closure/79/src/com/google/javascript/jscomp/ShadowVariables.java","L126","26","0","0","0","143","284"
"L323","ShowByPathWarningsGuard.java","/share/ProjectData/Closure/79/src/com/google/javascript/jscomp/ShowByPathWarningsGuard.java","L126","5","0","2","5","43","79"
"L324","SideEffectsAnalysis.java","/share/ProjectData/Closure/79/src/com/google/javascript/jscomp/SideEffectsAnalysis.java","L126","64","0","0","0","472","997"
"L325","SimpleDefinitionFinder.java","/share/ProjectData/Closure/79/src/com/google/javascript/jscomp/SimpleDefinitionFinder.java","L126","63","0","0","0","279","434"
"L326","SimpleFunctionAliasAnalysis.java","/share/ProjectData/Closure/79/src/com/google/javascript/jscomp/SimpleFunctionAliasAnalysis.java","L126","13","0","0","0","54","120"
"L327","SimpleRegion.java","/share/ProjectData/Closure/79/src/com/google/javascript/jscomp/SimpleRegion.java","L126","1","0","1","4","21","45"
"L328","SourceAst.java","/share/ProjectData/Closure/79/src/com/google/javascript/jscomp/SourceAst.java","L126","1","0","5","0","9","52"
"L329","SourceExcerptProvider.java","/share/ProjectData/Closure/79/src/com/google/javascript/jscomp/SourceExcerptProvider.java","L126","1","0","8","0","29","94"
"L330","SourceFile.java","/share/ProjectData/Closure/79/src/com/google/javascript/jscomp/SourceFile.java","L126","19","0","8","14","234","417"
"L331","SourceInformationAnnotator.java","/share/ProjectData/Closure/79/src/com/google/javascript/jscomp/SourceInformationAnnotator.java","L126","12","0","0","0","48","96"
"L332","SourceMap.java","/share/ProjectData/Closure/79/src/com/google/javascript/jscomp/SourceMap.java","L126","10","0","2","7","74","125"
"L333","SpecializationAwareCompilerPass.java","/share/ProjectData/Closure/79/src/com/google/javascript/jscomp/SpecializationAwareCompilerPass.java","L126","1","0","0","0","4","29"
"L334","SpecializeModule.java","/share/ProjectData/Closure/79/src/com/google/javascript/jscomp/SpecializeModule.java","L126","40","0","0","0","305","755"
"L335","StatementFusion.java","/share/ProjectData/Closure/79/src/com/google/javascript/jscomp/StatementFusion.java","L126","25","0","1","0","93","154"
"L336","StrictModeCheck.java","/share/ProjectData/Closure/79/src/com/google/javascript/jscomp/StrictModeCheck.java","L126","38","0","0","0","159","231"
"L337","StrictWarningsGuard.java","/share/ProjectData/Closure/79/src/com/google/javascript/jscomp/StrictWarningsGuard.java","L126","3","0","1","1","16","42"
"L338","Strings.java","/share/ProjectData/Closure/79/src/com/google/javascript/jscomp/Strings.java","L126","11","0","0","0","42","163"
"L339","StripCode.java","/share/ProjectData/Closure/79/src/com/google/javascript/jscomp/StripCode.java","L126","95","0","0","0","319","609"
"L340","SuppressDocWarningsGuard.java","/share/ProjectData/Closure/79/src/com/google/javascript/jscomp/SuppressDocWarningsGuard.java","L126","10","0","0","0","53","95"
"L341","SuspiciousPropertiesCheck.java","/share/ProjectData/Closure/79/src/com/google/javascript/jscomp/SuspiciousPropertiesCheck.java","L126","41","0","0","0","193","334"
"L342","SyntacticScopeCreator.java","/share/ProjectData/Closure/79/src/com/google/javascript/jscomp/SyntacticScopeCreator.java","L126","28","0","0","0","155","245"
"L343","SyntheticAst.java","/share/ProjectData/Closure/79/src/com/google/javascript/jscomp/SyntheticAst.java","L126","1","0","0","0","30","62"
"L344","TightenTypes.java","/share/ProjectData/Closure/79/src/com/google/javascript/jscomp/TightenTypes.java","L126","180","0","0","0","999","1404"
"L345","Tracer.java","/share/ProjectData/Closure/79/src/com/google/javascript/jscomp/Tracer.java","L126","76","0","0","0","507","1077"
"L346","TypeCheck.java","/share/ProjectData/Closure/79/src/com/google/javascript/jscomp/TypeCheck.java","L126","313","0","4","4","1223","1793"
"L347","TypedCodeGenerator.java","/share/ProjectData/Closure/79/src/com/google/javascript/jscomp/TypedCodeGenerator.java","L126","37","0","0","0","115","183"
"L348","TypedScopeCreator.java","/share/ProjectData/Closure/79/src/com/google/javascript/jscomp/TypedScopeCreator.java","L126","285","0","0","0","1176","1762"
"L349","TypeInference.java","/share/ProjectData/Closure/79/src/com/google/javascript/jscomp/TypeInference.java","L126","234","0","0","0","954","1318"
"L350","TypeInferencePass.java","/share/ProjectData/Closure/79/src/com/google/javascript/jscomp/TypeInferencePass.java","L126","7","0","0","0","97","151"
"L351","TypeValidator.java","/share/ProjectData/Closure/79/src/com/google/javascript/jscomp/TypeValidator.java","L126","98","0","0","0","471","796"
"L352","UnfoldCompoundAssignments.java","/share/ProjectData/Closure/79/src/com/google/javascript/jscomp/UnfoldCompoundAssignments.java","L126","21","0","0","0","91","178"
"L353","UnreachableCodeElimination.java","/share/ProjectData/Closure/79/src/com/google/javascript/jscomp/UnreachableCodeElimination.java","L126","30","0","0","0","136","231"
"L354","UseSite.java","/share/ProjectData/Closure/79/src/com/google/javascript/jscomp/UseSite.java","L126","2","0","0","0","18","49"
"L355","VarCheck.java","/share/ProjectData/Closure/79/src/com/google/javascript/jscomp/VarCheck.java","L126","35","0","0","0","178","278"
"L356","VariableMap.java","/share/ProjectData/Closure/79/src/com/google/javascript/jscomp/VariableMap.java","L126","12","0","10","0","91","174"
"L357","VariableNameGenerator.java","/share/ProjectData/Closure/79/src/com/google/javascript/jscomp/VariableNameGenerator.java","L126","2","0","0","0","18","45"
"L358","VariableReferenceCheck.java","/share/ProjectData/Closure/79/src/com/google/javascript/jscomp/VariableReferenceCheck.java","L126","21","0","0","0","114","182"
"L359","VariableRenamingPolicy.java","/share/ProjectData/Closure/79/src/com/google/javascript/jscomp/VariableRenamingPolicy.java","L126","1","0","1","0","7","41"
"L360","VariableShadowDeclarationCheck.java","/share/ProjectData/Closure/79/src/com/google/javascript/jscomp/VariableShadowDeclarationCheck.java","L126","9","0","0","0","91","144"
"L361","VariableVisibilityAnalysis.java","/share/ProjectData/Closure/79/src/com/google/javascript/jscomp/VariableVisibilityAnalysis.java","L126","9","0","0","0","60","153"
"L362","VerboseMessageFormatter.java","/share/ProjectData/Closure/79/src/com/google/javascript/jscomp/VerboseMessageFormatter.java","L126","5","0","0","0","27","53"
"L363","WarningLevel.java","/share/ProjectData/Closure/79/src/com/google/javascript/jscomp/WarningLevel.java","L126","4","0","1","1","47","99"
"L364","WarningsGuard.java","/share/ProjectData/Closure/79/src/com/google/javascript/jscomp/WarningsGuard.java","L126","1","0","2","2","30","107"
"L48599","CompilerEnvirons.java","/share/ProjectData/Closure/79/src/com/google/javascript/rhino/CompilerEnvirons.java","L48598","3","0","1","27","155","235"
"L48600","Context.java","/share/ProjectData/Closure/79/src/com/google/javascript/rhino/Context.java","L48598","86","0","38","6","515","1204"
"L48601","Decompiler.java","/share/ProjectData/Closure/79/src/com/google/javascript/rhino/Decompiler.java","L48598","161","0","2","0","608","911"
"L48602","DToA.java","/share/ProjectData/Closure/79/src/com/google/javascript/rhino/DToA.java","L48598","229","0","0","0","866","1274"
"L48603","EcmaError.java","/share/ProjectData/Closure/79/src/com/google/javascript/rhino/EcmaError.java","L48598","1","0","7","1","45","145"
"L48604","ErrorReporter.java","/share/ProjectData/Closure/79/src/com/google/javascript/rhino/ErrorReporter.java","L48598","1","0","4","0","10","106"
"L48605","EvaluatorException.java","/share/ProjectData/Closure/79/src/com/google/javascript/rhino/EvaluatorException.java","L48598","1","0","3","1","20","91"
"L48606","FunctionNode.java","/share/ProjectData/Closure/79/src/com/google/javascript/rhino/FunctionNode.java","L48598","1","0","0","7","31","96"
"L48607","IRFactory.java","/share/ProjectData/Closure/79/src/com/google/javascript/rhino/IRFactory.java","L48598","71","0","0","0","485","742"
"L48608","JavaScriptException.java","/share/ProjectData/Closure/79/src/com/google/javascript/rhino/JavaScriptException.java","L48598","1","0","0","0","15","74"
"L48609","JSDocInfo.java","/share/ProjectData/Closure/79/src/com/google/javascript/rhino/JSDocInfo.java","L48598","96","0","69","2","678","1315"
"L48610","JSDocInfoBuilder.java","/share/ProjectData/Closure/79/src/com/google/javascript/rhino/JSDocInfoBuilder.java","L48598","83","0","56","2","486","895"
"L48611","JSTypeExpression.java","/share/ProjectData/Closure/79/src/com/google/javascript/rhino/JSTypeExpression.java","L48598","4","0","5","3","44","119"
"L48612","Kit.java","/share/ProjectData/Closure/79/src/com/google/javascript/rhino/Kit.java","L48598","65","0","8","5","282","468"
"L48613","Node.java","/share/ProjectData/Closure/79/src/com/google/javascript/rhino/Node.java","L48598","389","0","62","64","1578","2255"
"L48614","ObjArray.java","/share/ProjectData/Closure/79/src/com/google/javascript/rhino/ObjArray.java","L48598","86","0","1","20","314","395"
"L48615","ObjToIntMap.java","/share/ProjectData/Closure/79/src/com/google/javascript/rhino/ObjToIntMap.java","L48598","84","0","6","16","347","697"
"L48616","Parser.java","/share/ProjectData/Closure/79/src/com/google/javascript/rhino/Parser.java","L48598","289","0","5","2","1872","2403"
"L48617","RhinoException.java","/share/ProjectData/Closure/79/src/com/google/javascript/rhino/RhinoException.java","L48598","20","0","11","4","135","266"
"L48618","ScriptOrFnNode.java","/share/ProjectData/Closure/79/src/com/google/javascript/rhino/ScriptOrFnNode.java","L48598","24","0","1","31","168","268"
"L48619","ScriptRuntime.java","/share/ProjectData/Closure/79/src/com/google/javascript/rhino/ScriptRuntime.java","L48598","106","0","7","20","425","612"
"L48620","SimpleErrorReporter.java","/share/ProjectData/Closure/79/src/com/google/javascript/rhino/SimpleErrorReporter.java","L48598","7","0","3","3","59","118"
"L48621","SourcePosition.java","/share/ProjectData/Closure/79/src/com/google/javascript/rhino/SourcePosition.java","L48598","1","0","8","0","33","126"
"L48622","Token.java","/share/ProjectData/Closure/79/src/com/google/javascript/rhino/Token.java","L48598","164","0","1","1","349","442"
"L48623","TokenStream.java","/share/ProjectData/Closure/79/src/com/google/javascript/rhino/TokenStream.java","L48598","432","0","2","5","1351","1695"
"L48624","UintMap.java","/share/ProjectData/Closure/79/src/com/google/javascript/rhino/UintMap.java","L48598","90","0","8","6","329","659"
"L48625","UniqueTag.java","/share/ProjectData/Closure/79/src/com/google/javascript/rhino/UniqueTag.java","L48598","7","0","2","1","50","120"
"L4262","AntErrorManager.java","/share/ProjectData/Closure/79/src/com/google/javascript/jscomp/ant/AntErrorManager.java","L4261","5","0","1","2","38","67"
"L4263","CompileTask.java","/share/ProjectData/Closure/79/src/com/google/javascript/jscomp/ant/CompileTask.java","L4261","22","0","13","3","221","348"
"L13439","DependencyInfo.java","/share/ProjectData/Closure/79/src/com/google/javascript/jscomp/deps/DependencyInfo.java","L13438","1","0","5","0","8","40"
"L13440","DepsFileParser.java","/share/ProjectData/Closure/79/src/com/google/javascript/jscomp/deps/DepsFileParser.java","L13438","7","0","5","0","62","160"
"L13441","JsFileLineParser.java","/share/ProjectData/Closure/79/src/com/google/javascript/jscomp/deps/JsFileLineParser.java","L13438","29","0","3","1","151","262"
"L13442","JsFileParser.java","/share/ProjectData/Closure/79/src/com/google/javascript/jscomp/deps/JsFileParser.java","L13438","8","0","4","0","65","147"
"L13443","JsFunctionParser.java","/share/ProjectData/Closure/79/src/com/google/javascript/jscomp/deps/JsFunctionParser.java","L13438","8","0","3","1","71","148"
"L13444","SimpleDependencyInfo.java","/share/ProjectData/Closure/79/src/com/google/javascript/jscomp/deps/SimpleDependencyInfo.java","L13438","5","0","2","6","53","104"
"L13445","SortedDependencies.java","/share/ProjectData/Closure/79/src/com/google/javascript/jscomp/deps/SortedDependencies.java","L13438","26","0","3","5","180","276"
"L16963","AdjacencyGraph.java","/share/ProjectData/Closure/79/src/com/google/javascript/jscomp/graph/AdjacencyGraph.java","L16962","1","0","6","0","9","58"
"L16964","Annotatable.java","/share/ProjectData/Closure/79/src/com/google/javascript/jscomp/graph/Annotatable.java","L16962","1","0","3","0","5","39"
"L16965","Annotation.java","/share/ProjectData/Closure/79/src/com/google/javascript/jscomp/graph/Annotation.java","L16962","1","0","1","0","3","26"
"L16966","DiGraph.java","/share/ProjectData/Closure/79/src/com/google/javascript/jscomp/graph/DiGraph.java","L16962","3","0","9","15","41","133"
"L16967","FixedPointGraphTraversal.java","/share/ProjectData/Closure/79/src/com/google/javascript/jscomp/graph/FixedPointGraphTraversal.java","L16962","7","0","7","1","60","145"
"L16968","Graph.java","/share/ProjectData/Closure/79/src/com/google/javascript/jscomp/graph/Graph.java","L16962","11","0","20","5","126","339"
"L16969","GraphColoring.java","/share/ProjectData/Closure/79/src/com/google/javascript/jscomp/graph/GraphColoring.java","L16962","8","0","5","7","94","169"
"L16970","GraphNode.java","/share/ProjectData/Closure/79/src/com/google/javascript/jscomp/graph/GraphNode.java","L16962","1","0","2","0","4","34"
"L16971","GraphReachability.java","/share/ProjectData/Closure/79/src/com/google/javascript/jscomp/graph/GraphReachability.java","L16962","5","0","3","5","53","99"
"L16972","GraphvizGraph.java","/share/ProjectData/Closure/79/src/com/google/javascript/jscomp/graph/GraphvizGraph.java","L16962","1","0","14","0","19","124"
"L16973","LinkedDirectedGraph.java","/share/ProjectData/Closure/79/src/com/google/javascript/jscomp/graph/LinkedDirectedGraph.java","L16962","25","0","1","33","412","564"
"L16974","LinkedUndirectedGraph.java","/share/ProjectData/Closure/79/src/com/google/javascript/jscomp/graph/LinkedUndirectedGraph.java","L16962","30","0","1","25","362","470"
"L16975","StandardUnionFind.java","/share/ProjectData/Closure/79/src/com/google/javascript/jscomp/graph/StandardUnionFind.java","L16962","12","0","3","7","132","221"
"L16976","SubGraph.java","/share/ProjectData/Closure/79/src/com/google/javascript/jscomp/graph/SubGraph.java","L16962","1","0","3","0","5","34"
"L16977","UndiGraph.java","/share/ProjectData/Closure/79/src/com/google/javascript/jscomp/graph/UndiGraph.java","L16962","1","0","3","1","14","60"
"L16978","UnionFind.java","/share/ProjectData/Closure/79/src/com/google/javascript/jscomp/graph/UnionFind.java","L16962","1","0","8","0","12","89"
"L20156","ErrorLevel.java","/share/ProjectData/Closure/79/src/com/google/javascript/jscomp/jsonml/ErrorLevel.java","L20155","1","0","1","0","6","29"
"L20157","JsonML.java","/share/ProjectData/Closure/79/src/com/google/javascript/jscomp/jsonml/JsonML.java","L20155","19","0","21","4","168","315"
"L20158","JsonMLAst.java","/share/ProjectData/Closure/79/src/com/google/javascript/jscomp/jsonml/JsonMLAst.java","L20155","10","0","3","6","93","168"
"L20159","JsonMLError.java","/share/ProjectData/Closure/79/src/com/google/javascript/jscomp/jsonml/JsonMLError.java","L20155","2","0","1","2","44","88"
"L20160","JsonMLException.java","/share/ProjectData/Closure/79/src/com/google/javascript/jscomp/jsonml/JsonMLException.java","L20155","1","0","0","0","8","33"
"L20161","JsonMLUtil.java","/share/ProjectData/Closure/79/src/com/google/javascript/jscomp/jsonml/JsonMLUtil.java","L20155","61","0","4","0","187","321"
"L20162","NodeUtil.java","/share/ProjectData/Closure/79/src/com/google/javascript/jscomp/jsonml/NodeUtil.java","L20155","8","0","0","0","30","77"
"L20163","Reader.java","/share/ProjectData/Closure/79/src/com/google/javascript/jscomp/jsonml/Reader.java","L20155","148","0","2","1","1142","1574"
"L20164","SecureCompiler.java","/share/ProjectData/Closure/79/src/com/google/javascript/jscomp/jsonml/SecureCompiler.java","L20155","5","0","4","7","113","197"
"L20165","TagAttr.java","/share/ProjectData/Closure/79/src/com/google/javascript/jscomp/jsonml/TagAttr.java","L20155","1","0","1","2","41","71"
"L20166","TagType.java","/share/ProjectData/Closure/79/src/com/google/javascript/jscomp/jsonml/TagType.java","L20155","1","0","1","0","54","94"
"L20167","Validator.java","/share/ProjectData/Closure/79/src/com/google/javascript/jscomp/jsonml/Validator.java","L20155","71","0","3","0","422","539"
"L20168","Writer.java","/share/ProjectData/Closure/79/src/com/google/javascript/jscomp/jsonml/Writer.java","L20155","130","0","2","0","684","855"
"L25416","Annotation.java","/share/ProjectData/Closure/79/src/com/google/javascript/jscomp/parsing/Annotation.java","L25415","1","0","0","0","98","123"
"L25417","Config.java","/share/ProjectData/Closure/79/src/com/google/javascript/jscomp/parsing/Config.java","L25415","3","0","1","0","35","96"
"L25418","IRFactory.java","/share/ProjectData/Closure/79/src/com/google/javascript/jscomp/parsing/IRFactory.java","L25415","236","0","1","1","1079","1290"
"L25419","JsDocInfoParser.java","/share/ProjectData/Closure/79/src/com/google/javascript/jscomp/parsing/JsDocInfoParser.java","L25415","328","0","2","0","1511","2223"
"L25420","JsDocToken.java","/share/ProjectData/Closure/79/src/com/google/javascript/jscomp/parsing/JsDocToken.java","L25415","1","0","0","0","24","50"
"L25421","JsDocTokenStream.java","/share/ProjectData/Closure/79/src/com/google/javascript/jscomp/parsing/JsDocTokenStream.java","L25415","92","0","0","0","358","489"
"L25422","NullErrorReporter.java","/share/ProjectData/Closure/79/src/com/google/javascript/jscomp/parsing/NullErrorReporter.java","L25415","1","0","1","4","37","66"
"L25423","ParserRunner.java","/share/ProjectData/Closure/79/src/com/google/javascript/jscomp/parsing/ParserRunner.java","L25415","6","0","1","4","86","129"
"L25424","TypeSafeDispatcher.java","/share/ProjectData/Closure/79/src/com/google/javascript/jscomp/parsing/TypeSafeDispatcher.java","L25415","96","0","0","0","253","284"
"L32607","FilePosition.java","/share/ProjectData/Closure/79/src/com/google/javascript/jscomp/sourcemap/FilePosition.java","L32606","1","0","3","1","15","50"
"L32608","SourceMapGenerator.java","/share/ProjectData/Closure/79/src/com/google/javascript/jscomp/sourcemap/SourceMapGenerator.java","L32606","1","0","8","2","32","117"
"L32609","SourceMapGeneratorV1.java","/share/ProjectData/Closure/79/src/com/google/javascript/jscomp/sourcemap/SourceMapGeneratorV1.java","L32606","48","0","6","2","309","641"
"L32610","SourceMapGeneratorV2.java","/share/ProjectData/Closure/79/src/com/google/javascript/jscomp/sourcemap/SourceMapGeneratorV2.java","L32606","67","0","13","2","539","996"
"L32611","SourceMapSection.java","/share/ProjectData/Closure/79/src/com/google/javascript/jscomp/sourcemap/SourceMapSection.java","L32606","1","0","4","0","15","56"
"L32612","Util.java","/share/ProjectData/Closure/79/src/com/google/javascript/jscomp/sourcemap/Util.java","L32606","23","0","0","0","92","150"
"L34216","SimpleSourceExcerptProvider.java","/share/ProjectData/Closure/79/src/com/google/javascript/jscomp/testing/SimpleSourceExcerptProvider.java","L34215","1","0","1","3","18","47"
"L34217","TestErrorReporter.java","/share/ProjectData/Closure/79/src/com/google/javascript/jscomp/testing/TestErrorReporter.java","L34215","7","0","3","4","44","89"
"L50451","AllType.java","/share/ProjectData/Closure/79/src/com/google/javascript/rhino/jstype/AllType.java","L50450","1","0","2","10","57","123"
"L50452","ArrowType.java","/share/ProjectData/Closure/79/src/com/google/javascript/rhino/jstype/ArrowType.java","L50450","35","0","0","0","156","257"
"L50453","BooleanLiteralSet.java","/share/ProjectData/Closure/79/src/com/google/javascript/rhino/jstype/BooleanLiteralSet.java","L50450","10","0","5","0","35","98"
"L50454","BooleanType.java","/share/ProjectData/Closure/79/src/com/google/javascript/rhino/jstype/BooleanType.java","L50450","5","0","1","11","62","121"
"L50455","EnumElementType.java","/share/ProjectData/Closure/79/src/com/google/javascript/rhino/jstype/EnumElementType.java","L50450","14","0","4","23","161","264"
"L50456","EnumType.java","/share/ProjectData/Closure/79/src/com/google/javascript/rhino/jstype/EnumType.java","L50450","5","0","4","11","82","169"
"L50457","ErrorFunctionType.java","/share/ProjectData/Closure/79/src/com/google/javascript/rhino/jstype/ErrorFunctionType.java","L50450","1","0","0","0","17","76"
"L50458","FunctionBuilder.java","/share/ProjectData/Closure/79/src/com/google/javascript/rhino/jstype/FunctionBuilder.java","L50450","1","0","14","1","83","164"
"L50459","FunctionParamBuilder.java","/share/ProjectData/Closure/79/src/com/google/javascript/rhino/jstype/FunctionParamBuilder.java","L50450","10","0","5","3","62","144"
"L50460","FunctionPrototypeType.java","/share/ProjectData/Closure/79/src/com/google/javascript/rhino/jstype/FunctionPrototypeType.java","L50450","3","0","1","5","39","98"
"L50461","FunctionType.java","/share/ProjectData/Closure/79/src/com/google/javascript/rhino/jstype/FunctionType.java","L50450","124","0","21","21","612","965"
"L50462","IndexedType.java","/share/ProjectData/Closure/79/src/com/google/javascript/rhino/jstype/IndexedType.java","L50450","1","0","0","0","14","65"
"L50463","InstanceObjectType.java","/share/ProjectData/Closure/79/src/com/google/javascript/rhino/jstype/InstanceObjectType.java","L50450","16","0","2","15","109","185"
"L50464","JSType.java","/share/ProjectData/Closure/79/src/com/google/javascript/rhino/jstype/JSType.java","L50450","77","0","48","29","460","1031"
"L50465","JSTypeNative.java","/share/ProjectData/Closure/79/src/com/google/javascript/rhino/jstype/JSTypeNative.java","L50450","1","0","1","0","58","166"
"L50466","JSTypeRegistry.java","/share/ProjectData/Closure/79/src/com/google/javascript/rhino/jstype/JSTypeRegistry.java","L50450","77","0","62","5","894","1612"
"L50467","NamedType.java","/share/ProjectData/Closure/79/src/com/google/javascript/rhino/jstype/NamedType.java","L50450","37","0","0","0","207","377"
"L50468","NoObjectType.java","/share/ProjectData/Closure/79/src/com/google/javascript/rhino/jstype/NoObjectType.java","L50450","4","0","1","19","103","190"
"L50469","NoResolvedType.java","/share/ProjectData/Closure/79/src/com/google/javascript/rhino/jstype/NoResolvedType.java","L50450","2","0","0","0","31","91"
"L50470","NoType.java","/share/ProjectData/Closure/79/src/com/google/javascript/rhino/jstype/NoType.java","L50450","1","0","1","10","47","118"
"L50471","NullType.java","/share/ProjectData/Closure/79/src/com/google/javascript/rhino/jstype/NullType.java","L50450","6","0","1","11","64","122"
"L50472","NumberType.java","/share/ProjectData/Closure/79/src/com/google/javascript/rhino/jstype/NumberType.java","L50450","4","0","1","11","61","120"
"L50473","ObjectType.java","/share/ProjectData/Closure/79/src/com/google/javascript/rhino/jstype/ObjectType.java","L50450","20","0","30","6","196","521"
"L50474","ParameterizedType.java","/share/ProjectData/Closure/79/src/com/google/javascript/rhino/jstype/ParameterizedType.java","L50450","1","0","0","0","14","66"
"L50475","PrototypeObjectType.java","/share/ProjectData/Closure/79/src/com/google/javascript/rhino/jstype/PrototypeObjectType.java","L50450","65","0","0","0","351","540"
"L50476","ProxyObjectType.java","/share/ProjectData/Closure/79/src/com/google/javascript/rhino/jstype/ProxyObjectType.java","L50450","24","0","0","0","257","361"
"L50477","RecordType.java","/share/ProjectData/Closure/79/src/com/google/javascript/rhino/jstype/RecordType.java","L50450","43","0","1","7","186","321"
"L50478","RecordTypeBuilder.java","/share/ProjectData/Closure/79/src/com/google/javascript/rhino/jstype/RecordTypeBuilder.java","L50450","2","0","3","1","38","104"
"L50479","SimpleSlot.java","/share/ProjectData/Closure/79/src/com/google/javascript/rhino/jstype/SimpleSlot.java","L50450","1","0","1","4","20","70"
"L50480","StaticScope.java","/share/ProjectData/Closure/79/src/com/google/javascript/rhino/jstype/StaticScope.java","L50450","1","0","5","0","7","70"
"L50481","StaticSlot.java","/share/ProjectData/Closure/79/src/com/google/javascript/rhino/jstype/StaticSlot.java","L50450","1","0","4","0","6","65"
"L50482","StringType.java","/share/ProjectData/Closure/79/src/com/google/javascript/rhino/jstype/StringType.java","L50450","4","0","1","10","57","115"
"L50483","TemplateType.java","/share/ProjectData/Closure/79/src/com/google/javascript/rhino/jstype/TemplateType.java","L50450","1","0","0","4","21","73"
"L50484","TernaryValue.java","/share/ProjectData/Closure/79/src/com/google/javascript/rhino/jstype/TernaryValue.java","L50450","4","0","7","0","89","205"
"L50485","UnionType.java","/share/ProjectData/Closure/79/src/com/google/javascript/rhino/jstype/UnionType.java","L50450","74","0","9","20","370","554"
"L50486","UnionTypeBuilder.java","/share/ProjectData/Closure/79/src/com/google/javascript/rhino/jstype/UnionTypeBuilder.java","L50450","28","0","0","0","122","217"
"L50487","UnknownType.java","/share/ProjectData/Closure/79/src/com/google/javascript/rhino/jstype/UnknownType.java","L50450","2","0","1","23","117","194"
"L50488","UnresolvedTypeExpression.java","/share/ProjectData/Closure/79/src/com/google/javascript/rhino/jstype/UnresolvedTypeExpression.java","L50450","1","0","0","0","23","98"
"L50489","ValueType.java","/share/ProjectData/Closure/79/src/com/google/javascript/rhino/jstype/ValueType.java","L50450","1","0","0","0","19","68"
"L50490","Visitor.java","/share/ProjectData/Closure/79/src/com/google/javascript/rhino/jstype/Visitor.java","L50450","1","0","14","0","16","124"
"L50491","VoidType.java","/share/ProjectData/Closure/79/src/com/google/javascript/rhino/jstype/VoidType.java","L50450","4","0","1","10","57","114"
"L55009","Asserts.java","/share/ProjectData/Closure/79/src/com/google/javascript/rhino/testing/Asserts.java","L55008","3","0","3","5","57","113"
"L55010","BaseJSTypeTestCase.java","/share/ProjectData/Closure/79/src/com/google/javascript/rhino/testing/BaseJSTypeTestCase.java","L55008","1","0","1","1","486","571"
"L55011","EmptyScope.java","/share/ProjectData/Closure/79/src/com/google/javascript/rhino/testing/EmptyScope.java","L55008","1","0","1","4","22","70"
"L55012","TestErrorReporter.java","/share/ProjectData/Closure/79/src/com/google/javascript/rhino/testing/TestErrorReporter.java","L55008","7","0","3","7","55","126"
"L370","AliasExternalsTest.java","/share/ProjectData/Closure/79/test/com/google/javascript/jscomp/AliasExternalsTest.java","L369","2","0","12","14","282","397"
"L371","AliasKeywordsTest.java","/share/ProjectData/Closure/79/test/com/google/javascript/jscomp/AliasKeywordsTest.java","L369","5","0","3","6","129","188"
"L372","AliasStringsTest.java","/share/ProjectData/Closure/79/test/com/google/javascript/jscomp/AliasStringsTest.java","L369","2","0","1","16","207","325"
"L373","AmbiguatePropertiesTest.java","/share/ProjectData/Closure/79/test/com/google/javascript/jscomp/AmbiguatePropertiesTest.java","L369","3","0","1","41","499","579"
"L374","AstParallelizerTest.java","/share/ProjectData/Closure/79/test/com/google/javascript/jscomp/AstParallelizerTest.java","L369","4","0","5","4","90","148"
"L375","BasicErrorManagerTest.java","/share/ProjectData/Closure/79/test/com/google/javascript/jscomp/BasicErrorManagerTest.java","L369","1","0","1","9","71","120"
"L376","CallGraphTest.java","/share/ProjectData/Closure/79/test/com/google/javascript/jscomp/CallGraphTest.java","L369","13","0","5","34","777","1158"
"L377","ChainCallsTest.java","/share/ProjectData/Closure/79/test/com/google/javascript/jscomp/ChainCallsTest.java","L369","1","0","1","6","85","115"
"L378","CheckAccessControlsTest.java","/share/ProjectData/Closure/79/test/com/google/javascript/jscomp/CheckAccessControlsTest.java","L369","1","0","1","78","597","725"
"L379","CheckAccidentalSemicolonTest.java","/share/ProjectData/Closure/79/test/com/google/javascript/jscomp/CheckAccidentalSemicolonTest.java","L369","2","0","0","4","38","65"
"L380","CheckGlobalNamesTest.java","/share/ProjectData/Closure/79/test/com/google/javascript/jscomp/CheckGlobalNamesTest.java","L369","2","0","1","28","147","205"
"L381","CheckGlobalThisTest.java","/share/ProjectData/Closure/79/test/com/google/javascript/jscomp/CheckGlobalThisTest.java","L369","1","0","1","48","170","241"
"L382","CheckMissingGetCssNameTest.java","/share/ProjectData/Closure/79/test/com/google/javascript/jscomp/CheckMissingGetCssNameTest.java","L369","1","0","1","6","42","70"
"L383","CheckMissingReturnTest.java","/share/ProjectData/Closure/79/test/com/google/javascript/jscomp/CheckMissingReturnTest.java","L369","1","0","1","7","118","217"
"L384","CheckPathsBetweenNodesTest.java","/share/ProjectData/Closure/79/test/com/google/javascript/jscomp/CheckPathsBetweenNodesTest.java","L369","1","0","8","3","238","341"
"L385","CheckPropertyOrderTest.java","/share/ProjectData/Closure/79/test/com/google/javascript/jscomp/CheckPropertyOrderTest.java","L369","1","0","2","28","392","467"
"L386","CheckProvidesTest.java","/share/ProjectData/Closure/79/test/com/google/javascript/jscomp/CheckProvidesTest.java","L369","1","0","1","9","50","84"
"L387","CheckRegExpTest.java","/share/ProjectData/Closure/79/test/com/google/javascript/jscomp/CheckRegExpTest.java","L369","2","0","1","2","37","73"
"L388","CheckRequiresForConstructorsTest.java","/share/ProjectData/Closure/79/test/com/google/javascript/jscomp/CheckRequiresForConstructorsTest.java","L369","3","0","1","22","182","244"
"L389","CheckSideEffectsTest.java","/share/ProjectData/Closure/79/test/com/google/javascript/jscomp/CheckSideEffectsTest.java","L369","2","0","0","8","61","95"
"L390","CheckUnreachableCodeTest.java","/share/ProjectData/Closure/79/test/com/google/javascript/jscomp/CheckUnreachableCodeTest.java","L369","1","0","1","20","161","216"
"L391","ClosureCodeRemovalTest.java","/share/ProjectData/Closure/79/test/com/google/javascript/jscomp/ClosureCodeRemovalTest.java","L369","1","0","1","11","54","90"
"L392","ClosureCodingConventionTest.java","/share/ProjectData/Closure/79/test/com/google/javascript/jscomp/ClosureCodingConventionTest.java","L369","1","0","1","19","124","173"
"L393","ClosureReverseAbstractInterpreterTest.java","/share/ProjectData/Closure/79/test/com/google/javascript/jscomp/ClosureReverseAbstractInterpreterTest.java","L369","1","0","0","18","129","174"
"L394","CoalesceVariableNamesTest.java","/share/ProjectData/Closure/79/test/com/google/javascript/jscomp/CoalesceVariableNamesTest.java","L369","1","0","2","26","255","389"
"L395","CodePrinterTest.java","/share/ProjectData/Closure/79/test/com/google/javascript/jscomp/CodePrinterTest.java","L369","5","0","1","43","891","1154"
"L396","CollapseAnonymousFunctionsTest.java","/share/ProjectData/Closure/79/test/com/google/javascript/jscomp/CollapseAnonymousFunctionsTest.java","L369","1","0","1","20","90","133"
"L397","CollapsePropertiesTest.java","/share/ProjectData/Closure/79/test/com/google/javascript/jscomp/CollapsePropertiesTest.java","L369","1","0","1","211","988","1274"
"L398","CollapseVariableDeclarationsTest.java","/share/ProjectData/Closure/79/test/com/google/javascript/jscomp/CollapseVariableDeclarationsTest.java","L369","1","0","1","7","111","156"
"L399","CombinedCompilerPassTest.java","/share/ProjectData/Closure/79/test/com/google/javascript/jscomp/CombinedCompilerPassTest.java","L369","5","0","1","4","169","259"
"L400","CommandLineRunnerTest.java","/share/ProjectData/Closure/79/test/com/google/javascript/jscomp/CommandLineRunnerTest.java","L369","15","0","2","58","698","847"
"L401","CompilerOptionsTest.java","/share/ProjectData/Closure/79/test/com/google/javascript/jscomp/CompilerOptionsTest.java","L369","1","0","1","2","22","50"
"L402","CompilerTest.java","/share/ProjectData/Closure/79/test/com/google/javascript/jscomp/CompilerTest.java","L369","1","0","2","2","34","68"
"L403","CompilerTestCase.java","/share/ProjectData/Closure/79/test/com/google/javascript/jscomp/CompilerTestCase.java","L369","48","0","28","0","478","1018"
"L404","CompilerTypeTestCase.java","/share/ProjectData/Closure/79/test/com/google/javascript/jscomp/CompilerTypeTestCase.java","L369","1","0","0","0","54","82"
"L405","ConcreteTypeTest.java","/share/ProjectData/Closure/79/test/com/google/javascript/jscomp/ConcreteTypeTest.java","L369","15","0","1","7","270","368"
"L406","ConstCheckTest.java","/share/ProjectData/Closure/79/test/com/google/javascript/jscomp/ConstCheckTest.java","L369","1","0","1","30","98","152"
"L407","ControlFlowAnalysisTest.java","/share/ProjectData/Closure/79/test/com/google/javascript/jscomp/ControlFlowAnalysisTest.java","L369","24","0","5","35","1087","1281"
"L408","ControlStructureCheckTest.java","/share/ProjectData/Closure/79/test/com/google/javascript/jscomp/ControlStructureCheckTest.java","L369","1","0","1","17","86","135"
"L409","ConvertToDottedPropertiesTest.java","/share/ProjectData/Closure/79/test/com/google/javascript/jscomp/ConvertToDottedPropertiesTest.java","L369","1","0","1","3","36","65"
"L410","CreateSyntheticBlocksTest.java","/share/ProjectData/Closure/79/test/com/google/javascript/jscomp/CreateSyntheticBlocksTest.java","L369","1","0","2","14","84","129"
"L411","CrossModuleCodeMotionTest.java","/share/ProjectData/Closure/79/test/com/google/javascript/jscomp/CrossModuleCodeMotionTest.java","L369","1","0","1","42","464","769"
"L412","CrossModuleMethodMotionTest.java","/share/ProjectData/Closure/79/test/com/google/javascript/jscomp/CrossModuleMethodMotionTest.java","L369","1","0","6","15","320","434"
"L413","DataFlowAnalysisTest.java","/share/ProjectData/Closure/79/test/com/google/javascript/jscomp/DataFlowAnalysisTest.java","L369","30","0","1","9","524","791"
"L414","DeadAssignmentsEliminationTest.java","/share/ProjectData/Closure/79/test/com/google/javascript/jscomp/DeadAssignmentsEliminationTest.java","L369","1","0","2","43","347","456"
"L415","DefaultCodingConventionTest.java","/share/ProjectData/Closure/79/test/com/google/javascript/jscomp/DefaultCodingConventionTest.java","L369","1","0","1","16","103","148"
"L416","DefinitionsRemoverTest.java","/share/ProjectData/Closure/79/test/com/google/javascript/jscomp/DefinitionsRemoverTest.java","L369","3","0","1","5","57","93"
"L417","DenormalizeTest.java","/share/ProjectData/Closure/79/test/com/google/javascript/jscomp/DenormalizeTest.java","L369","1","0","2","6","63","128"
"L418","DevirtualizePrototypeMethodsTest.java","/share/ProjectData/Closure/79/test/com/google/javascript/jscomp/DevirtualizePrototypeMethodsTest.java","L369","18","0","1","44","548","724"
"L419","DiagnosticGroupTest.java","/share/ProjectData/Closure/79/test/com/google/javascript/jscomp/DiagnosticGroupTest.java","L369","1","0","1","1","9","33"
"L420","DisambiguatePropertiesTest.java","/share/ProjectData/Closure/79/test/com/google/javascript/jscomp/DisambiguatePropertiesTest.java","L369","6","0","2","53","1073","1227"
"L421","DotFormatterTest.java","/share/ProjectData/Closure/79/test/com/google/javascript/jscomp/DotFormatterTest.java","L369","2","0","4","1","55","94"
"L422","ExportTestFunctionsTest.java","/share/ProjectData/Closure/79/test/com/google/javascript/jscomp/ExportTestFunctionsTest.java","L369","1","0","3","3","70","112"
"L423","ExpressionDecomposerTest.java","/share/ProjectData/Closure/79/test/com/google/javascript/jscomp/ExpressionDecomposerTest.java","L369","13","0","8","27","499","633"
"L424","ExternExportsPassTest.java","/share/ProjectData/Closure/79/test/com/google/javascript/jscomp/ExternExportsPassTest.java","L369","2","0","4","19","346","472"
"L425","ExtractPrototypeMemberDeclarationsTest.java","/share/ProjectData/Closure/79/test/com/google/javascript/jscomp/ExtractPrototypeMemberDeclarationsTest.java","L369","4","0","1","15","156","199"
"L426","FixedPointGraphTraversalTest.java","/share/ProjectData/Closure/79/test/com/google/javascript/jscomp/FixedPointGraphTraversalTest.java","L369","2","0","2","9","138","210"
"L427","FlowSensitiveInlineVariablesTest.java","/share/ProjectData/Closure/79/test/com/google/javascript/jscomp/FlowSensitiveInlineVariablesTest.java","L369","1","0","5","56","265","393"
"L428","FunctionArgumentInjectorTest.java","/share/ProjectData/Closure/79/test/com/google/javascript/jscomp/FunctionArgumentInjectorTest.java","L369","12","0","1","28","294","415"
"L429","FunctionInjectorTest.java","/share/ProjectData/Closure/79/test/com/google/javascript/jscomp/FunctionInjectorTest.java","L369","13","0","8","126","1113","1514"
"L430","FunctionNamesTest.java","/share/ProjectData/Closure/79/test/com/google/javascript/jscomp/FunctionNamesTest.java","L369","2","0","1","2","64","95"
"L431","FunctionRewriterTest.java","/share/ProjectData/Closure/79/test/com/google/javascript/jscomp/FunctionRewriterTest.java","L369","3","0","1","14","142","189"
"L432","FunctionToBlockMutatorTest.java","/share/ProjectData/Closure/79/test/com/google/javascript/jscomp/FunctionToBlockMutatorTest.java","L369","11","0","1","18","230","303"
"L433","FunctionTypeBuilderTest.java","/share/ProjectData/Closure/79/test/com/google/javascript/jscomp/FunctionTypeBuilderTest.java","L369","2","0","1","10","92","130"
"L434","GatherRawExportsTest.java","/share/ProjectData/Closure/79/test/com/google/javascript/jscomp/GatherRawExportsTest.java","L369","1","0","1","17","69","116"
"L435","GatherSideEffectSubexpressionsCallbackTest.java","/share/ProjectData/Closure/79/test/com/google/javascript/jscomp/GatherSideEffectSubexpressionsCallbackTest.java","L369","8","0","1","7","138","193"
"L436","GenerateExportsTest.java","/share/ProjectData/Closure/79/test/com/google/javascript/jscomp/GenerateExportsTest.java","L369","1","0","3","11","78","126"
"L437","GlobalNamespaceTest.java","/share/ProjectData/Closure/79/test/com/google/javascript/jscomp/GlobalNamespaceTest.java","L369","1","0","1","2","37","73"
"L438","GoogleCodingConventionTest.java","/share/ProjectData/Closure/79/test/com/google/javascript/jscomp/GoogleCodingConventionTest.java","L369","1","0","1","16","115","161"
"L439","GroupVariableDeclarationsTest.java","/share/ProjectData/Closure/79/test/com/google/javascript/jscomp/GroupVariableDeclarationsTest.java","L369","1","0","0","8","168","210"
"L440","IgnoreCajaPropertiesTest.java","/share/ProjectData/Closure/79/test/com/google/javascript/jscomp/IgnoreCajaPropertiesTest.java","L369","1","0","1","9","102","145"
"L441","InferJSDocInfoTest.java","/share/ProjectData/Closure/79/test/com/google/javascript/jscomp/InferJSDocInfoTest.java","L369","6","0","1","8","170","217"
"L442","InlineCostEstimatorTest.java","/share/ProjectData/Closure/79/test/com/google/javascript/jscomp/InlineCostEstimatorTest.java","L369","1","0","1","1","37","71"
"L443","InlineFunctionsTest.java","/share/ProjectData/Closure/79/test/com/google/javascript/jscomp/InlineFunctionsTest.java","L369","1","0","6","196","1294","1723"
"L444","InlineSimpleMethodsTest.java","/share/ProjectData/Closure/79/test/com/google/javascript/jscomp/InlineSimpleMethodsTest.java","L369","1","0","1","36","231","305"
"L445","InlineVariablesConstantsTest.java","/share/ProjectData/Closure/79/test/com/google/javascript/jscomp/InlineVariablesConstantsTest.java","L369","1","0","2","11","91","148"
"L446","InlineVariablesTest.java","/share/ProjectData/Closure/79/test/com/google/javascript/jscomp/InlineVariablesTest.java","L369","2","0","7","118","730","909"
"L447","InstrumentFunctionsTest.java","/share/ProjectData/Closure/79/test/com/google/javascript/jscomp/InstrumentFunctionsTest.java","L369","2","0","1","15","191","264"
"L448","JSCompilerSourceExcerptProviderTest.java","/share/ProjectData/Closure/79/test/com/google/javascript/jscomp/JSCompilerSourceExcerptProviderTest.java","L369","2","0","1","6","75","109"
"L449","JsMessageExtractorTest.java","/share/ProjectData/Closure/79/test/com/google/javascript/jscomp/JsMessageExtractorTest.java","L369","4","0","1","10","175","225"
"L450","JsMessageTest.java","/share/ProjectData/Closure/79/test/com/google/javascript/jscomp/JsMessageTest.java","L369","1","0","1","3","29","55"
"L451","JsMessageVisitorTest.java","/share/ProjectData/Closure/79/test/com/google/javascript/jscomp/JsMessageVisitorTest.java","L369","1","0","1","42","447","575"
"L452","JSModuleGraphTest.java","/share/ProjectData/Closure/79/test/com/google/javascript/jscomp/JSModuleGraphTest.java","L369","9","0","1","8","212","274"
"L453","JSModuleTest.java","/share/ProjectData/Closure/79/test/com/google/javascript/jscomp/JSModuleTest.java","L369","2","0","1","3","106","150"
"L454","LightweightMessageFormatterTest.java","/share/ProjectData/Closure/79/test/com/google/javascript/jscomp/LightweightMessageFormatterTest.java","L369","1","0","0","11","77","111"
"L455","LinkedFlowScopeTest.java","/share/ProjectData/Closure/79/test/com/google/javascript/jscomp/LinkedFlowScopeTest.java","L369","18","0","4","8","228","325"
"L456","LiveVariableAnalysisTest.java","/share/ProjectData/Closure/79/test/com/google/javascript/jscomp/LiveVariableAnalysisTest.java","L369","8","0","1","19","253","364"
"L457","LooseTypeCheckTest.java","/share/ProjectData/Closure/79/test/com/google/javascript/jscomp/LooseTypeCheckTest.java","L369","14","0","16","781","5960","7182"
"L458","MakeDeclaredNamesUniqueTest.java","/share/ProjectData/Closure/79/test/com/google/javascript/jscomp/MakeDeclaredNamesUniqueTest.java","L369","3","0","1","19","250","339"
"L459","MarkNoSideEffectCallsTest.java","/share/ProjectData/Closure/79/test/com/google/javascript/jscomp/MarkNoSideEffectCallsTest.java","L369","5","0","1","19","231","306"
"L460","MaybeReachingVariableUseTest.java","/share/ProjectData/Closure/79/test/com/google/javascript/jscomp/MaybeReachingVariableUseTest.java","L369","4","0","2","9","108","168"
"L461","MemoizedScopeCreatorTest.java","/share/ProjectData/Closure/79/test/com/google/javascript/jscomp/MemoizedScopeCreatorTest.java","L369","2","0","1","2","32","64"
"L462","MinimizeExitPointsTest.java","/share/ProjectData/Closure/79/test/com/google/javascript/jscomp/MinimizeExitPointsTest.java","L369","1","0","1","7","212","270"
"L463","MoveFunctionDeclarationsTest.java","/share/ProjectData/Closure/79/test/com/google/javascript/jscomp/MoveFunctionDeclarationsTest.java","L369","1","0","1","4","21","48"
"L464","MustBeReachingVariableDefTest.java","/share/ProjectData/Closure/79/test/com/google/javascript/jscomp/MustBeReachingVariableDefTest.java","L369","4","0","1","17","131","192"
"L465","NameAnalyzerTest.java","/share/ProjectData/Closure/79/test/com/google/javascript/jscomp/NameAnalyzerTest.java","L369","1","0","4","273","1182","1543"
"L466","NameAnonymousFunctionsMappedTest.java","/share/ProjectData/Closure/79/test/com/google/javascript/jscomp/NameAnonymousFunctionsMappedTest.java","L369","2","0","1","15","112","155"
"L467","NameAnonymousFunctionsTest.java","/share/ProjectData/Closure/79/test/com/google/javascript/jscomp/NameAnonymousFunctionsTest.java","L369","1","0","1","16","89","131"
"L468","NodeIteratorsTest.java","/share/ProjectData/Closure/79/test/com/google/javascript/jscomp/NodeIteratorsTest.java","L369","8","0","2","16","118","181"
"L469","NodeTraversalTest.java","/share/ProjectData/Closure/79/test/com/google/javascript/jscomp/NodeTraversalTest.java","L369","2","0","1","6","164","236"
"L470","NodeUtilTest.java","/share/ProjectData/Closure/79/test/com/google/javascript/jscomp/NodeUtilTest.java","L369","23","0","0","55","1256","1616"
"L471","NormalizeTest.java","/share/ProjectData/Closure/79/test/com/google/javascript/jscomp/NormalizeTest.java","L369","8","0","1","31","391","525"
"L472","ObjectPropertyStringPostprocessTest.java","/share/ProjectData/Closure/79/test/com/google/javascript/jscomp/ObjectPropertyStringPostprocessTest.java","L369","1","0","1","3","24","52"
"L473","ObjectPropertyStringPreprocessTest.java","/share/ProjectData/Closure/79/test/com/google/javascript/jscomp/ObjectPropertyStringPreprocessTest.java","L369","1","0","1","6","43","73"
"L474","OptimizeArgumentsArrayTest.java","/share/ProjectData/Closure/79/test/com/google/javascript/jscomp/OptimizeArgumentsArrayTest.java","L369","1","0","1","20","106","160"
"L475","OptimizeParametersTest.java","/share/ProjectData/Closure/79/test/com/google/javascript/jscomp/OptimizeParametersTest.java","L369","1","0","1","48","374","474"
"L476","OptimizeReturnsTest.java","/share/ProjectData/Closure/79/test/com/google/javascript/jscomp/OptimizeReturnsTest.java","L369","1","0","1","23","211","273"
"L477","ParallelCompilerPassTest.java","/share/ProjectData/Closure/79/test/com/google/javascript/jscomp/ParallelCompilerPassTest.java","L369","6","0","1","5","72","118"
"L478","PeepholeFoldConstantsTest.java","/share/ProjectData/Closure/79/test/com/google/javascript/jscomp/PeepholeFoldConstantsTest.java","L369","16","0","2","53","863","1102"
"L479","PeepholeFoldWithTypesTest.java","/share/ProjectData/Closure/79/test/com/google/javascript/jscomp/PeepholeFoldWithTypesTest.java","L369","1","0","1","9","51","92"
"L480","PeepholeIntegrationTest.java","/share/ProjectData/Closure/79/test/com/google/javascript/jscomp/PeepholeIntegrationTest.java","L369","1","0","4","27","225","328"
"L481","PeepholeOptimizationsPassTest.java","/share/ProjectData/Closure/79/test/com/google/javascript/jscomp/PeepholeOptimizationsPassTest.java","L369","14","0","3","7","150","258"
"L482","PeepholeRemoveDeadCodeTest.java","/share/ProjectData/Closure/79/test/com/google/javascript/jscomp/PeepholeRemoveDeadCodeTest.java","L369","1","0","3","83","440","610"
"L483","PeepholeSubstituteAlternateSyntaxTest.java","/share/ProjectData/Closure/79/test/com/google/javascript/jscomp/PeepholeSubstituteAlternateSyntaxTest.java","L369","3","0","4","29","522","760"
"L484","PhaseOptimizerTest.java","/share/ProjectData/Closure/79/test/com/google/javascript/jscomp/PhaseOptimizerTest.java","L369","6","0","1","16","169","215"
"L485","PrepareAstTest.java","/share/ProjectData/Closure/79/test/com/google/javascript/jscomp/PrepareAstTest.java","L369","1","0","1","5","47","80"
"L486","ProcessClosurePrimitivesTest.java","/share/ProjectData/Closure/79/test/com/google/javascript/jscomp/ProcessClosurePrimitivesTest.java","L369","9","0","15","65","672","827"
"L487","ProcessDefinesTest.java","/share/ProjectData/Closure/79/test/com/google/javascript/jscomp/ProcessDefinesTest.java","L369","1","0","1","42","250","341"
"L488","ProcessTweaksTest.java","/share/ProjectData/Closure/79/test/com/google/javascript/jscomp/ProcessTweaksTest.java","L369","2","0","1","37","251","317"
"L489","PureFunctionIdentifierTest.java","/share/ProjectData/Closure/79/test/com/google/javascript/jscomp/PureFunctionIdentifierTest.java","L369","11","0","2","109","963","1278"
"L490","RecordFunctionInformationTest.java","/share/ProjectData/Closure/79/test/com/google/javascript/jscomp/RecordFunctionInformationTest.java","L369","1","0","1","3","165","212"
"L491","RemoveTryCatchTest.java","/share/ProjectData/Closure/79/test/com/google/javascript/jscomp/RemoveTryCatchTest.java","L369","1","0","0","11","46","77"
"L492","RemoveUnusedNamesTest.java","/share/ProjectData/Closure/79/test/com/google/javascript/jscomp/RemoveUnusedNamesTest.java","L369","1","0","1","9","80","148"
"L493","RemoveUnusedPrototypePropertiesTest.java","/share/ProjectData/Closure/79/test/com/google/javascript/jscomp/RemoveUnusedPrototypePropertiesTest.java","L369","1","0","1","24","314","403"
"L494","RemoveUnusedVarsTest.java","/share/ProjectData/Closure/79/test/com/google/javascript/jscomp/RemoveUnusedVarsTest.java","L369","1","0","0","78","516","691"
"L495","RenameLabelsTest.java","/share/ProjectData/Closure/79/test/com/google/javascript/jscomp/RenameLabelsTest.java","L369","1","0","1","2","58","89"
"L496","RenameLocalVarsTest.java","/share/ProjectData/Closure/79/test/com/google/javascript/jscomp/RenameLocalVarsTest.java","L369","1","0","1","12","80","118"
"L497","RenamePropertiesTest.java","/share/ProjectData/Closure/79/test/com/google/javascript/jscomp/RenamePropertiesTest.java","L369","1","0","1","39","267","372"
"L498","RenamePrototypesTest.java","/share/ProjectData/Closure/79/test/com/google/javascript/jscomp/RenamePrototypesTest.java","L369","1","0","2","13","169","247"
"L499","RenameVarsTest.java","/share/ProjectData/Closure/79/test/com/google/javascript/jscomp/RenameVarsTest.java","L369","4","0","1","40","472","595"
"L500","ReplaceCssNamesTest.java","/share/ProjectData/Closure/79/test/com/google/javascript/jscomp/ReplaceCssNamesTest.java","L369","2","0","1","14","226","283"
"L501","ReplaceIdGeneratorsTest.java","/share/ProjectData/Closure/79/test/com/google/javascript/jscomp/ReplaceIdGeneratorsTest.java","L369","1","0","1","5","40","70"
"L502","ReplaceMessagesTest.java","/share/ProjectData/Closure/79/test/com/google/javascript/jscomp/ReplaceMessagesTest.java","L369","2","0","1","24","256","339"
"L503","ReplaceStringsTest.java","/share/ProjectData/Closure/79/test/com/google/javascript/jscomp/ReplaceStringsTest.java","L369","2","0","6","26","309","384"
"L504","RhinoErrorReporterTest.java","/share/ProjectData/Closure/79/test/com/google/javascript/jscomp/RhinoErrorReporterTest.java","L369","1","0","1","2","41","73"
"L505","RuntimeTypeCheckTest.java","/share/ProjectData/Closure/79/test/com/google/javascript/jscomp/RuntimeTypeCheckTest.java","L369","1","0","1","21","212","263"
"L506","SanityCheckTest.java","/share/ProjectData/Closure/79/test/com/google/javascript/jscomp/SanityCheckTest.java","L369","4","0","1","6","77","110"
"L507","ScopedAliasesTest.java","/share/ProjectData/Closure/79/test/com/google/javascript/jscomp/ScopedAliasesTest.java","L369","7","0","1","41","338","424"
"L508","SemanticReverseAbstractInterpreterTest.java","/share/ProjectData/Closure/79/test/com/google/javascript/jscomp/SemanticReverseAbstractInterpreterTest.java","L369","6","0","16","15","453","578"
"L509","ShadowVariablesTest.java","/share/ProjectData/Closure/79/test/com/google/javascript/jscomp/ShadowVariablesTest.java","L369","1","0","2","16","166","233"
"L510","SideEffectsAnalysisTest.java","/share/ProjectData/Closure/79/test/com/google/javascript/jscomp/SideEffectsAnalysisTest.java","L369","5","0","1","8","435","627"
"L511","SimpleDefinitionFinderTest.java","/share/ProjectData/Closure/79/test/com/google/javascript/jscomp/SimpleDefinitionFinderTest.java","L369","8","0","1","10","317","415"
"L512","SimpleFunctionAliasAnalysisTest.java","/share/ProjectData/Closure/79/test/com/google/javascript/jscomp/SimpleFunctionAliasAnalysisTest.java","L369","3","0","1","2","155","224"
"L513","SpecializeModuleTest.java","/share/ProjectData/Closure/79/test/com/google/javascript/jscomp/SpecializeModuleTest.java","L369","3","0","2","18","364","524"
"L514","StatementFusionTest.java","/share/ProjectData/Closure/79/test/com/google/javascript/jscomp/StatementFusionTest.java","L369","1","0","1","13","69","111"
"L515","StrictModeCheckTest.java","/share/ProjectData/Closure/79/test/com/google/javascript/jscomp/StrictModeCheckTest.java","L369","1","0","0","36","143","201"
"L516","StripCodeTest.java","/share/ProjectData/Closure/79/test/com/google/javascript/jscomp/StripCodeTest.java","L369","1","0","1","53","324","426"
"L517","SuspiciousPropertiesCheckTest.java","/share/ProjectData/Closure/79/test/com/google/javascript/jscomp/SuspiciousPropertiesCheckTest.java","L369","1","0","4","11","97","189"
"L518","SyntacticScopeCreatorTest.java","/share/ProjectData/Closure/79/test/com/google/javascript/jscomp/SyntacticScopeCreatorTest.java","L369","1","0","1","5","87","136"
"L519","TightenTypesTest.java","/share/ProjectData/Closure/79/test/com/google/javascript/jscomp/TightenTypesTest.java","L369","2","0","1","46","606","752"
"L520","TypeCheckFunctionCheckTest.java","/share/ProjectData/Closure/79/test/com/google/javascript/jscomp/TypeCheckFunctionCheckTest.java","L369","1","0","1","19","138","194"
"L521","TypeCheckTest.java","/share/ProjectData/Closure/79/test/com/google/javascript/jscomp/TypeCheckTest.java","L369","14","0","16","905","7164","8530"
"L522","TypedScopeCreatorTest.java","/share/ProjectData/Closure/79/test/com/google/javascript/jscomp/TypedScopeCreatorTest.java","L369","6","0","2","83","910","1119"
"L523","TypeInferenceTest.java","/share/ProjectData/Closure/79/test/com/google/javascript/jscomp/TypeInferenceTest.java","L369","6","0","1","82","647","784"
"L524","TypeValidatorTest.java","/share/ProjectData/Closure/79/test/com/google/javascript/jscomp/TypeValidatorTest.java","L369","1","0","1","7","100","141"
"L525","UnfoldCompoundAssignmentsTest.java","/share/ProjectData/Closure/79/test/com/google/javascript/jscomp/UnfoldCompoundAssignmentsTest.java","L369","6","0","1","14","72","113"
"L526","UnreachableCodeEliminationTest.java","/share/ProjectData/Closure/79/test/com/google/javascript/jscomp/UnreachableCodeEliminationTest.java","L369","1","0","1","18","198","276"
"L527","VarCheckTest.java","/share/ProjectData/Closure/79/test/com/google/javascript/jscomp/VarCheckTest.java","L369","15","0","1","46","331","430"
"L528","VariableMapTest.java","/share/ProjectData/Closure/79/test/com/google/javascript/jscomp/VariableMapTest.java","L369","1","0","1","3","31","60"
"L529","VariableReferenceCheckTest.java","/share/ProjectData/Closure/79/test/com/google/javascript/jscomp/VariableReferenceCheckTest.java","L369","2","0","1","27","128","201"
"L530","VariableShadowDeclarationCheckTest.java","/share/ProjectData/Closure/79/test/com/google/javascript/jscomp/VariableShadowDeclarationCheckTest.java","L369","1","0","1","7","48","83"
"L531","VariableVisibilityAnalysisTest.java","/share/ProjectData/Closure/79/test/com/google/javascript/jscomp/VariableVisibilityAnalysisTest.java","L369","7","0","1","4","150","250"
"L48627","JSDocInfoTest.java","/share/ProjectData/Closure/79/test/com/google/javascript/rhino/JSDocInfoTest.java","L48626","10","0","1","25","336","451"
"L48628","NodeTest.java","/share/ProjectData/Closure/79/test/com/google/javascript/rhino/NodeTest.java","L48626","1","0","1","24","201","280"
"L48629","ParserTest.java","/share/ProjectData/Closure/79/test/com/google/javascript/rhino/ParserTest.java","L48626","3","0","0","36","240","356"
"L48630","TokenStreamTest.java","/share/ProjectData/Closure/79/test/com/google/javascript/rhino/TokenStreamTest.java","L48626","5","0","0","30","389","487"
"L13447","DepsFileParserTest.java","/share/ProjectData/Closure/79/test/com/google/javascript/jscomp/deps/DepsFileParserTest.java","L13446","1","0","2","5","73","116"
"L13448","JsFileLineParserTest.java","/share/ProjectData/Closure/79/test/com/google/javascript/jscomp/deps/JsFileLineParserTest.java","L13446","1","0","1","11","61","104"
"L13449","JsFileParserTest.java","/share/ProjectData/Closure/79/test/com/google/javascript/jscomp/deps/JsFileParserTest.java","L13446","1","0","2","5","81","134"
"L13450","JsFunctionParserTest.java","/share/ProjectData/Closure/79/test/com/google/javascript/jscomp/deps/JsFunctionParserTest.java","L13446","1","0","2","5","110","170"
"L13451","SortedDependenciesTest.java","/share/ProjectData/Closure/79/test/com/google/javascript/jscomp/deps/SortedDependenciesTest.java","L13446","4","0","1","5","137","179"
"L16980","GraphColoringTest.java","/share/ProjectData/Closure/79/test/com/google/javascript/jscomp/graph/GraphColoringTest.java","L16979","15","0","1","7","160","209"
"L16981","GraphReachabilityTest.java","/share/ProjectData/Closure/79/test/com/google/javascript/jscomp/graph/GraphReachabilityTest.java","L16979","1","0","1","3","56","88"
"L16982","GraphTest.java","/share/ProjectData/Closure/79/test/com/google/javascript/jscomp/graph/GraphTest.java","L16979","6","0","1","13","286","361"
"L16983","StandardUnionFindTest.java","/share/ProjectData/Closure/79/test/com/google/javascript/jscomp/graph/StandardUnionFindTest.java","L16979","5","0","1","13","177","241"
"L20170","JsonMLConversionTest.java","/share/ProjectData/Closure/79/test/com/google/javascript/jscomp/jsonml/JsonMLConversionTest.java","L20169","1","0","1","34","485","604"
"L20171","JsonMLValidationTest.java","/share/ProjectData/Closure/79/test/com/google/javascript/jscomp/jsonml/JsonMLValidationTest.java","L20169","3","0","1","35","697","851"
"L20172","SecureCompilerTest.java","/share/ProjectData/Closure/79/test/com/google/javascript/jscomp/jsonml/SecureCompilerTest.java","L20169","1","0","1","1","53","92"
"L25426","IRFactoryTest.java","/share/ProjectData/Closure/79/test/com/google/javascript/jscomp/parsing/IRFactoryTest.java","L25425","3","0","2","99","892","1120"
"L25427","JsDocInfoParserTest.java","/share/ProjectData/Closure/79/test/com/google/javascript/jscomp/parsing/JsDocInfoParserTest.java","L25425","9","0","1","372","2023","2590"
"L25428","JsDocTokenStreamTest.java","/share/ProjectData/Closure/79/test/com/google/javascript/jscomp/parsing/JsDocTokenStreamTest.java","L25425","5","0","1","21","241","305"
"L25429","ParserTest.java","/share/ProjectData/Closure/79/test/com/google/javascript/jscomp/parsing/ParserTest.java","L25425","5","0","1","87","620","828"
"L32614","SourceMapGeneratorV1Test.java","/share/ProjectData/Closure/79/test/com/google/javascript/jscomp/sourcemap/SourceMapGeneratorV1Test.java","L32613","38","0","3","21","638","902"
"L32615","SourceMapGeneratorV2Test.java","/share/ProjectData/Closure/79/test/com/google/javascript/jscomp/sourcemap/SourceMapGeneratorV2Test.java","L32613","29","0","3","23","597","778"
"L45269","CompileEachLineOfProgramOutput.java","/share/ProjectData/Closure/79/test/com/google/javascript/jscomp/regtests/CompileEachLineOfProgramOutput.java","L45268","7","0","0","3","84","112"
"L50493","BooleanLiteralSetTest.java","/share/ProjectData/Closure/79/test/com/google/javascript/rhino/jstype/BooleanLiteralSetTest.java","L50492","1","0","1","4","58","108"
"L50494","FunctionParamBuilderTest.java","/share/ProjectData/Closure/79/test/com/google/javascript/rhino/jstype/FunctionParamBuilderTest.java","L50492","1","0","1","1","23","73"
"L50495","FunctionTypeTest.java","/share/ProjectData/Closure/79/test/com/google/javascript/rhino/jstype/FunctionTypeTest.java","L50492","1","0","1","10","123","187"
"L50496","JSTypeRegistryTest.java","/share/ProjectData/Closure/79/test/com/google/javascript/rhino/jstype/JSTypeRegistryTest.java","L50492","1","0","2","8","177","271"
"L50497","JSTypeTest.java","/share/ProjectData/Closure/79/test/com/google/javascript/rhino/jstype/JSTypeTest.java","L50492","32","0","71","59","4385","5626"
"L50498","TernaryValueTest.java","/share/ProjectData/Closure/79/test/com/google/javascript/rhino/jstype/TernaryValueTest.java","L50492","1","0","1","7","63","127"
"L50499","UnionTypeBuilderTest.java","/share/ProjectData/Closure/79/test/com/google/javascript/rhino/jstype/UnionTypeBuilderTest.java","L50492","2","0","1","6","55","111"
"L50500","UnionTypeTest.java","/share/ProjectData/Closure/79/test/com/google/javascript/rhino/jstype/UnionTypeTest.java","L50492","1","0","9","5","169","287"
