ID,Name,LongName,McCC,CLOC,PDA,PUA,LLOC,LOC,commiters,commits,is_buggy,before_bugs,after_bugs
org.apache.commons.lang.DateFormatter.java,org.apache.commons.lang.DateFormatter,src/pending/DateFormatter.java,36.00,36.00.00,36.00.00,36.00.00,36.00.00,36.00.00,3,7,0,0,0
org.apache.commons.lang.DateFormatterTest.java,org.apache.commons.lang.DateFormatterTest,src/pending/DateFormatterTest.java,10.00,10.00.00,10.00.00,10.00.00,10.00.00,10.00.00,3,7,0,0,0
//  org.apache.commons.lang.CalendarUtils.java,//  org.apache.commons.lang.CalendarUtils,src/pending/CalendarUtils.java,71.00,71.00.00,71.00.00,71.00.00,71.00.00,71.00.00,3,6,0,0,0
//  org.apache.commons.lang.CalendarUtilsTest.java,//  org.apache.commons.lang.CalendarUtilsTest,src/pending/CalendarUtilsTest.java,7.00,7.00.00,7.00.00,7.00.00,7.00.00,7.00.00,3,9,0,0,0
org.apache.commons.lang.ArrayUtils.java,org.apache.commons.lang.ArrayUtils,src/java/org/apache/commons/lang/ArrayUtils.java,391.00,391.00.00,391.00.00,391.00.00,391.00.00,391.00.00,3,86,0,0,0
org.apache.commons.lang.BitField.java,org.apache.commons.lang.BitField,src/java/org/apache/commons/lang/BitField.java,6.00,6.00.00,6.00.00,6.00.00,6.00.00,6.00.00,3,17,0,0,0
org.apache.commons.lang.BooleanUtils.java,org.apache.commons.lang.BooleanUtils,src/java/org/apache/commons/lang/BooleanUtils.java,101.00,101.00.00,101.00.00,101.00.00,101.00.00,101.00.00,3,41,1,0,0
org.apache.commons.lang.CharEncoding.java,org.apache.commons.lang.CharEncoding,src/java/org/apache/commons/lang/CharEncoding.java,3.00,3.00.00,3.00.00,3.00.00,3.00.00,3.00.00,3,12,0,0,0
org.apache.commons.lang.CharRange.java,org.apache.commons.lang.CharRange,src/java/org/apache/commons/lang/CharRange.java,19.00,19.00.00,19.00.00,19.00.00,19.00.00,19.00.00,3,35,0,0,0
org.apache.commons.lang.CharSet.java,org.apache.commons.lang.CharSet,src/java/org/apache/commons/lang/CharSet.java,17.00,17.00.00,17.00.00,17.00.00,17.00.00,17.00.00,3,42,0,0,0
org.apache.commons.lang.CharSetUtils.java,org.apache.commons.lang.CharSetUtils,src/java/org/apache/commons/lang/CharSetUtils.java,32.00,32.00.00,32.00.00,32.00.00,32.00.00,32.00.00,3,50,0,0,0
org.apache.commons.lang.CharUtils.java,org.apache.commons.lang.CharUtils,src/java/org/apache/commons/lang/CharUtils.java,30.00,30.00.00,30.00.00,30.00.00,30.00.00,30.00.00,3,25,0,0,0
org.apache.commons.lang.ClassUtils.java,org.apache.commons.lang.ClassUtils,src/java/org/apache/commons/lang/ClassUtils.java,77.00,77.00.00,77.00.00,77.00.00,77.00.00,77.00.00,3,80,0,0,1
org.apache.commons.lang.Entities.java,org.apache.commons.lang.Entities,src/java/org/apache/commons/lang/Entities.java,37.00,37.00.00,37.00.00,37.00.00,37.00.00,37.00.00,3,47,0,1,1
org.apache.commons.lang.IllegalClassException.java,org.apache.commons.lang.IllegalClassException,src/java/org/apache/commons/lang/IllegalClassException.java,3.00,3.00.00,3.00.00,3.00.00,3.00.00,3.00.00,3,19,0,0,0
org.apache.commons.lang.IncompleteArgumentException.java,org.apache.commons.lang.IncompleteArgumentException,src/java/org/apache/commons/lang/IncompleteArgumentException.java,2.00,2.00.00,2.00.00,2.00.00,2.00.00,2.00.00,3,18,0,0,0
org.apache.commons.lang.IntHashMap.java,org.apache.commons.lang.IntHashMap,src/java/org/apache/commons/lang/IntHashMap.java,21.00,21.00.00,21.00.00,21.00.00,21.00.00,21.00.00,3,18,0,0,0
org.apache.commons.lang.LocaleUtils.java,org.apache.commons.lang.LocaleUtils,src/java/org/apache/commons/lang/LocaleUtils.java,34.00,34.00.00,34.00.00,34.00.00,34.00.00,34.00.00,3,24,0,2,0
org.apache.commons.lang.NotImplementedException.java,org.apache.commons.lang.NotImplementedException,src/java/org/apache/commons/lang/NotImplementedException.java,7.00,7.00.00,7.00.00,7.00.00,7.00.00,7.00.00,3,25,0,0,0
org.apache.commons.lang.NullArgumentException.java,org.apache.commons.lang.NullArgumentException,src/java/org/apache/commons/lang/NullArgumentException.java,2.00,2.00.00,2.00.00,2.00.00,2.00.00,2.00.00,3,19,0,0,0
org.apache.commons.lang.NumberRange.java,org.apache.commons.lang.NumberRange,src/java/org/apache/commons/lang/NumberRange.java,17.00,17.00.00,17.00.00,17.00.00,17.00.00,17.00.00,3,22,0,0,0
org.apache.commons.lang.NumberUtils.java,org.apache.commons.lang.NumberUtils,src/java/org/apache/commons/lang/NumberUtils.java,117.00,117.00.00,117.00.00,117.00.00,117.00.00,117.00.00,3,33,0,0,1
org.apache.commons.lang.ObjectUtils.java,org.apache.commons.lang.ObjectUtils,src/java/org/apache/commons/lang/ObjectUtils.java,19.00,19.00.00,19.00.00,19.00.00,19.00.00,19.00.00,3,52,0,0,0
org.apache.commons.lang.RandomStringUtils.java,org.apache.commons.lang.RandomStringUtils,src/java/org/apache/commons/lang/RandomStringUtils.java,25.00,25.00.00,25.00.00,25.00.00,25.00.00,25.00.00,3,42,0,0,0
org.apache.commons.lang.SerializationException.java,org.apache.commons.lang.SerializationException,src/java/org/apache/commons/lang/SerializationException.java,1.00,1.00.00,1.00.00,1.00.00,1.00.00,1.00.00,3,20,0,0,0
org.apache.commons.lang.SerializationUtils.java,org.apache.commons.lang.SerializationUtils,src/java/org/apache/commons/lang/SerializationUtils.java,11.00,11.00.00,11.00.00,11.00.00,11.00.00,11.00.00,3,26,0,0,0
org.apache.commons.lang.StringEscapeUtils.java,org.apache.commons.lang.StringEscapeUtils,src/java/org/apache/commons/lang/StringEscapeUtils.java,56.00,56.00.00,56.00.00,56.00.00,56.00.00,56.00.00,3,77,0,1,1
org.apache.commons.lang.StringUtils.java,org.apache.commons.lang.StringUtils,src/java/org/apache/commons/lang/StringUtils.java,416.00,416.00.00,416.00.00,416.00.00,416.00.00,416.00.00,3,213,0,0,1
org.apache.commons.lang.SystemUtils.java,org.apache.commons.lang.SystemUtils,src/java/org/apache/commons/lang/SystemUtils.java,18.00,18.00.00,18.00.00,18.00.00,18.00.00,18.00.00,3,60,0,0,0
org.apache.commons.lang.UnhandledException.java,org.apache.commons.lang.UnhandledException,src/java/org/apache/commons/lang/UnhandledException.java,1.00,1.00.00,1.00.00,1.00.00,1.00.00,1.00.00,3,18,0,0,0
org.apache.commons.lang.Validate.java,org.apache.commons.lang.Validate,src/java/org/apache/commons/lang/Validate.java,36.00,36.00.00,36.00.00,36.00.00,36.00.00,36.00.00,3,39,0,0,0
org.apache.commons.lang.WordUtils.java,org.apache.commons.lang.WordUtils,src/java/org/apache/commons/lang/WordUtils.java,44.00,44.00.00,44.00.00,44.00.00,44.00.00,44.00.00,3,37,0,0,1
org.apache.commons.lang.builder.CompareToBuilder.java,org.apache.commons.lang.builder.CompareToBuilder,src/java/org/apache/commons/lang/builder/CompareToBuilder.java,123.00,123.00.00,123.00.00,123.00.00,123.00.00,123.00.00,3,48,0,0,0
org.apache.commons.lang.builder.EqualsBuilder.java,org.apache.commons.lang.builder.EqualsBuilder,src/java/org/apache/commons/lang/builder/EqualsBuilder.java,106.00,106.00.00,106.00.00,106.00.00,106.00.00,106.00.00,3,48,0,0,1
org.apache.commons.lang.builder.HashCodeBuilder.java,org.apache.commons.lang.builder.HashCodeBuilder,src/java/org/apache/commons/lang/builder/HashCodeBuilder.java,46.00,46.00.00,46.00.00,46.00.00,46.00.00,46.00.00,3,55,0,0,0
org.apache.commons.lang.builder.ReflectionToStringBuilder.java,org.apache.commons.lang.builder.ReflectionToStringBuilder,src/java/org/apache/commons/lang/builder/ReflectionToStringBuilder.java,19.00,19.00.00,19.00.00,19.00.00,19.00.00,19.00.00,3,50,0,0,0
org.apache.commons.lang.builder.StandardToStringStyle.java,org.apache.commons.lang.builder.StandardToStringStyle,src/java/org/apache/commons/lang/builder/StandardToStringStyle.java,1.00,1.00.00,1.00.00,1.00.00,1.00.00,1.00.00,3,31,0,0,0
org.apache.commons.lang.builder.ToStringBuilder.java,org.apache.commons.lang.builder.ToStringBuilder,src/java/org/apache/commons/lang/builder/ToStringBuilder.java,7.00,7.00.00,7.00.00,7.00.00,7.00.00,7.00.00,3,60,0,0,0
org.apache.commons.lang.builder.ToStringStyle.java,org.apache.commons.lang.builder.ToStringStyle,src/java/org/apache/commons/lang/builder/ToStringStyle.java,104.00,104.00.00,104.00.00,104.00.00,104.00.00,104.00.00,3,63,0,0,0
org.apache.commons.lang.enum.Enum.java,org.apache.commons.lang.enum.Enum,src/java/org/apache/commons/lang/enum/Enum.java,31.00,31.00.00,31.00.00,31.00.00,31.00.00,31.00.00,3,55,0,0,0
org.apache.commons.lang.enum.EnumUtils.java,org.apache.commons.lang.enum.EnumUtils,src/java/org/apache/commons/lang/enum/EnumUtils.java,1.00,1.00.00,1.00.00,1.00.00,1.00.00,1.00.00,3,24,0,0,0
org.apache.commons.lang.enum.ValuedEnum.java,org.apache.commons.lang.enum.ValuedEnum,src/java/org/apache/commons/lang/enum/ValuedEnum.java,5.00,5.00.00,5.00.00,5.00.00,5.00.00,5.00.00,3,29,0,0,0
org.apache.commons.lang.enums.Enum.java,org.apache.commons.lang.enums.Enum,src/java/org/apache/commons/lang/enums/Enum.java,31.00,31.00.00,31.00.00,31.00.00,31.00.00,31.00.00,3,28,0,0,0
org.apache.commons.lang.enums.EnumUtils.java,org.apache.commons.lang.enums.EnumUtils,src/java/org/apache/commons/lang/enums/EnumUtils.java,1.00,1.00.00,1.00.00,1.00.00,1.00.00,1.00.00,3,13,0,0,0
org.apache.commons.lang.enums.ValuedEnum.java,org.apache.commons.lang.enums.ValuedEnum,src/java/org/apache/commons/lang/enums/ValuedEnum.java,11.00,11.00.00,11.00.00,11.00.00,11.00.00,11.00.00,3,16,0,1,0
org.apache.commons.lang.exception.ExceptionUtils.java,org.apache.commons.lang.exception.ExceptionUtils,src/java/org/apache/commons/lang/exception/ExceptionUtils.java,87.00,87.00.00,87.00.00,87.00.00,87.00.00,87.00.00,3,75,0,0,0
org.apache.commons.lang.exception.Nestable.java,org.apache.commons.lang.exception.Nestable,src/java/org/apache/commons/lang/exception/Nestable.java,1.00,1.00.00,1.00.00,1.00.00,1.00.00,1.00.00,3,22,0,0,0
org.apache.commons.lang.exception.NestableDelegate.java,org.apache.commons.lang.exception.NestableDelegate,src/java/org/apache/commons/lang/exception/NestableDelegate.java,29.00,29.00.00,29.00.00,29.00.00,29.00.00,29.00.00,3,43,0,0,0
org.apache.commons.lang.exception.NestableError.java,org.apache.commons.lang.exception.NestableError,src/java/org/apache/commons/lang/exception/NestableError.java,4.00,4.00.00,4.00.00,4.00.00,4.00.00,4.00.00,3,24,0,0,0
org.apache.commons.lang.exception.NestableException.java,org.apache.commons.lang.exception.NestableException,src/java/org/apache/commons/lang/exception/NestableException.java,4.00,4.00.00,4.00.00,4.00.00,4.00.00,4.00.00,3,28,0,0,0
org.apache.commons.lang.exception.NestableRuntimeException.java,org.apache.commons.lang.exception.NestableRuntimeException,src/java/org/apache/commons/lang/exception/NestableRuntimeException.java,4.00,4.00.00,4.00.00,4.00.00,4.00.00,4.00.00,3,26,0,0,0
org.apache.commons.lang.math.DoubleRange.java,org.apache.commons.lang.math.DoubleRange,src/java/org/apache/commons/lang/math/DoubleRange.java,32.00,32.00.00,32.00.00,32.00.00,32.00.00,32.00.00,3,21,0,0,0
org.apache.commons.lang.math.FloatRange.java,org.apache.commons.lang.math.FloatRange,src/java/org/apache/commons/lang/math/FloatRange.java,32.00,32.00.00,32.00.00,32.00.00,32.00.00,32.00.00,3,21,0,0,0
org.apache.commons.lang.math.Fraction.java,org.apache.commons.lang.math.Fraction,src/java/org/apache/commons/lang/math/Fraction.java,90.00,90.00.00,90.00.00,90.00.00,90.00.00,90.00.00,3,34,0,0,1
org.apache.commons.lang.math.IntRange.java,org.apache.commons.lang.math.IntRange,src/java/org/apache/commons/lang/math/IntRange.java,25.00,25.00.00,25.00.00,25.00.00,25.00.00,25.00.00,3,24,0,0,0
org.apache.commons.lang.math.JVMRandom.java,org.apache.commons.lang.math.JVMRandom,src/java/org/apache/commons/lang/math/JVMRandom.java,4.00,4.00.00,4.00.00,4.00.00,4.00.00,4.00.00,3,24,0,0,0
org.apache.commons.lang.math.LongRange.java,org.apache.commons.lang.math.LongRange,src/java/org/apache/commons/lang/math/LongRange.java,25.00,25.00.00,25.00.00,25.00.00,25.00.00,25.00.00,3,25,0,0,0
org.apache.commons.lang.math.NumberRange.java,org.apache.commons.lang.math.NumberRange,src/java/org/apache/commons/lang/math/NumberRange.java,27.00,27.00.00,27.00.00,27.00.00,27.00.00,27.00.00,3,25,0,0,0
org.apache.commons.lang.math.NumberUtils.java,org.apache.commons.lang.math.NumberUtils,src/java/org/apache/commons/lang/math/NumberUtils.java,186.00,186.00.00,186.00.00,186.00.00,186.00.00,186.00.00,3,44,0,1,0
org.apache.commons.lang.math.RandomUtils.java,org.apache.commons.lang.math.RandomUtils,src/java/org/apache/commons/lang/math/RandomUtils.java,1.00,1.00.00,1.00.00,1.00.00,1.00.00,1.00.00,3,16,0,0,0
org.apache.commons.lang.math.Range.java,org.apache.commons.lang.math.Range,src/java/org/apache/commons/lang/math/Range.java,18.00,18.00.00,18.00.00,18.00.00,18.00.00,18.00.00,3,20,0,0,0
org.apache.commons.lang.mutable.Mutable.java,org.apache.commons.lang.mutable.Mutable,src/java/org/apache/commons/lang/mutable/Mutable.java,1.00,1.00.00,1.00.00,1.00.00,1.00.00,1.00.00,3,15,0,0,0
org.apache.commons.lang.mutable.MutableBoolean.java,org.apache.commons.lang.mutable.MutableBoolean,src/java/org/apache/commons/lang/mutable/MutableBoolean.java,5.00,5.00.00,5.00.00,5.00.00,5.00.00,5.00.00,3,22,0,0,0
org.apache.commons.lang.mutable.MutableByte.java,org.apache.commons.lang.mutable.MutableByte,src/java/org/apache/commons/lang/mutable/MutableByte.java,4.00,4.00.00,4.00.00,4.00.00,4.00.00,4.00.00,3,28,0,0,0
org.apache.commons.lang.mutable.MutableDouble.java,org.apache.commons.lang.mutable.MutableDouble,src/java/org/apache/commons/lang/mutable/MutableDouble.java,2.00,2.00.00,2.00.00,2.00.00,2.00.00,2.00.00,3,28,0,0,0
org.apache.commons.lang.mutable.MutableFloat.java,org.apache.commons.lang.mutable.MutableFloat,src/java/org/apache/commons/lang/mutable/MutableFloat.java,2.00,2.00.00,2.00.00,2.00.00,2.00.00,2.00.00,3,29,0,0,0
org.apache.commons.lang.mutable.MutableInt.java,org.apache.commons.lang.mutable.MutableInt,src/java/org/apache/commons/lang/mutable/MutableInt.java,4.00,4.00.00,4.00.00,4.00.00,4.00.00,4.00.00,3,24,0,0,0
org.apache.commons.lang.mutable.MutableLong.java,org.apache.commons.lang.mutable.MutableLong,src/java/org/apache/commons/lang/mutable/MutableLong.java,4.00,4.00.00,4.00.00,4.00.00,4.00.00,4.00.00,3,27,0,0,0
org.apache.commons.lang.mutable.MutableObject.java,org.apache.commons.lang.mutable.MutableObject,src/java/org/apache/commons/lang/mutable/MutableObject.java,6.00,6.00.00,6.00.00,6.00.00,6.00.00,6.00.00,3,20,0,0,0
org.apache.commons.lang.mutable.MutableShort.java,org.apache.commons.lang.mutable.MutableShort,src/java/org/apache/commons/lang/mutable/MutableShort.java,4.00,4.00.00,4.00.00,4.00.00,4.00.00,4.00.00,3,27,0,0,0
org.apache.commons.lang.text.CompositeFormat.java,org.apache.commons.lang.text.CompositeFormat,src/java/org/apache/commons/lang/text/CompositeFormat.java,1.00,1.00.00,1.00.00,1.00.00,1.00.00,1.00.00,3,17,0,0,0
org.apache.commons.lang.text.StrBuilder.java,org.apache.commons.lang.text.StrBuilder,src/java/org/apache/commons/lang/text/StrBuilder.java,243.00,243.00.00,243.00.00,243.00.00,243.00.00,243.00.00,3,68,0,3,1
org.apache.commons.lang.text.StrLookup.java,org.apache.commons.lang.text.StrLookup,src/java/org/apache/commons/lang/text/StrLookup.java,3.00,3.00.00,3.00.00,3.00.00,3.00.00,3.00.00,3,10,0,0,0
org.apache.commons.lang.text.StrMatcher.java,org.apache.commons.lang.text.StrMatcher,src/java/org/apache/commons/lang/text/StrMatcher.java,15.00,15.00.00,15.00.00,15.00.00,15.00.00,15.00.00,3,16,0,0,0
org.apache.commons.lang.text.StrSubstitutor.java,org.apache.commons.lang.text.StrSubstitutor,src/java/org/apache/commons/lang/text/StrSubstitutor.java,33.00,33.00.00,33.00.00,33.00.00,33.00.00,33.00.00,3,15,0,0,0
org.apache.commons.lang.text.StrTokenizer.java,org.apache.commons.lang.text.StrTokenizer,src/java/org/apache/commons/lang/text/StrTokenizer.java,46.00,46.00.00,46.00.00,46.00.00,46.00.00,46.00.00,3,53,0,0,0
org.apache.commons.lang.time.DateFormatUtils.java,org.apache.commons.lang.time.DateFormatUtils,src/java/org/apache/commons/lang/time/DateFormatUtils.java,1.00,1.00.00,1.00.00,1.00.00,1.00.00,1.00.00,3,23,0,0,0
org.apache.commons.lang.time.DateUtils.java,org.apache.commons.lang.time.DateUtils,src/java/org/apache/commons/lang/time/DateUtils.java,88.00,88.00.00,88.00.00,88.00.00,88.00.00,88.00.00,3,67,0,2,0
org.apache.commons.lang.time.DurationFormatUtils.java,org.apache.commons.lang.time.DurationFormatUtils,src/java/org/apache/commons/lang/time/DurationFormatUtils.java,78.00,78.00.00,78.00.00,78.00.00,78.00.00,78.00.00,3,54,0,1,0
org.apache.commons.lang.time.FastDateFormat.java,org.apache.commons.lang.time.FastDateFormat,src/java/org/apache/commons/lang/time/FastDateFormat.java,122.00,122.00.00,122.00.00,122.00.00,122.00.00,122.00.00,3,50,0,1,1
org.apache.commons.lang.time.StopWatch.java,org.apache.commons.lang.time.StopWatch,src/java/org/apache/commons/lang/time/StopWatch.java,16.00,16.00.00,16.00.00,16.00.00,16.00.00,16.00.00,3,32,0,1,0
org.apache.commons.lang.AllLangTestSuite.java,org.apache.commons.lang.AllLangTestSuite,src/test/org/apache/commons/lang/AllLangTestSuite.java,1.00,1.00.00,1.00.00,1.00.00,1.00.00,1.00.00,3,24,0,0,0
org.apache.commons.lang.ArrayUtilsAddTest.java,org.apache.commons.lang.ArrayUtilsAddTest,src/test/org/apache/commons/lang/ArrayUtilsAddTest.java,25.00,25.00.00,25.00.00,25.00.00,25.00.00,25.00.00,3,17,0,0,0
org.apache.commons.lang.ArrayUtilsRemoveTest.java,org.apache.commons.lang.ArrayUtilsRemoveTest,src/test/org/apache/commons/lang/ArrayUtilsRemoveTest.java,28.00,28.00.00,28.00.00,28.00.00,28.00.00,28.00.00,3,11,0,0,0
org.apache.commons.lang.ArrayUtilsTest.java,org.apache.commons.lang.ArrayUtilsTest,src/test/org/apache/commons/lang/ArrayUtilsTest.java,17.00,17.00.00,17.00.00,17.00.00,17.00.00,17.00.00,3,50,0,0,0
org.apache.commons.lang.BitFieldTest.java,org.apache.commons.lang.BitFieldTest,src/test/org/apache/commons/lang/BitFieldTest.java,10.00,10.00.00,10.00.00,10.00.00,10.00.00,10.00.00,3,16,0,0,0
org.apache.commons.lang.BooleanUtilsTest.java,org.apache.commons.lang.BooleanUtilsTest,src/test/org/apache/commons/lang/BooleanUtilsTest.java,18.00,18.00.00,18.00.00,18.00.00,18.00.00,18.00.00,3,26,0,0,0
org.apache.commons.lang.CharEncodingTest.java,org.apache.commons.lang.CharEncodingTest,src/test/org/apache/commons/lang/CharEncodingTest.java,4.00,4.00.00,4.00.00,4.00.00,4.00.00,4.00.00,3,11,0,0,0
org.apache.commons.lang.CharRangeTest.java,org.apache.commons.lang.CharRangeTest,src/test/org/apache/commons/lang/CharRangeTest.java,2.00,2.00.00,2.00.00,2.00.00,2.00.00,2.00.00,3,16,0,0,0
org.apache.commons.lang.CharSetTest.java,org.apache.commons.lang.CharSetTest,src/test/org/apache/commons/lang/CharSetTest.java,1.00,1.00.00,1.00.00,1.00.00,1.00.00,1.00.00,3,15,0,0,0
org.apache.commons.lang.CharSetUtilsTest.java,org.apache.commons.lang.CharSetUtilsTest,src/test/org/apache/commons/lang/CharSetUtilsTest.java,5.00,5.00.00,5.00.00,5.00.00,5.00.00,5.00.00,3,30,0,0,0
org.apache.commons.lang.CharUtilsPerfTest.java,org.apache.commons.lang.CharUtilsPerfTest,src/test/org/apache/commons/lang/CharUtilsPerfTest.java,11.00,11.00.00,11.00.00,11.00.00,11.00.00,11.00.00,3,11,0,0,0
org.apache.commons.lang.CharUtilsTest.java,org.apache.commons.lang.CharUtilsTest,src/test/org/apache/commons/lang/CharUtilsTest.java,41.00,41.00.00,41.00.00,41.00.00,41.00.00,41.00.00,3,17,0,0,0
org.apache.commons.lang.ClassUtilsTest.java,org.apache.commons.lang.ClassUtilsTest,src/test/org/apache/commons/lang/ClassUtilsTest.java,9.00,9.00.00,9.00.00,9.00.00,9.00.00,9.00.00,3,44,0,0,0
org.apache.commons.lang.EntitiesPerformanceTest.java,org.apache.commons.lang.EntitiesPerformanceTest,src/test/org/apache/commons/lang/EntitiesPerformanceTest.java,14.00,14.00.00,14.00.00,14.00.00,14.00.00,14.00.00,3,18,0,0,0
org.apache.commons.lang.EntitiesTest.java,org.apache.commons.lang.EntitiesTest,src/test/org/apache/commons/lang/EntitiesTest.java,1.00,1.00.00,1.00.00,1.00.00,1.00.00,1.00.00,3,22,0,0,0
org.apache.commons.lang.IllegalClassExceptionTest.java,org.apache.commons.lang.IllegalClassExceptionTest,src/test/org/apache/commons/lang/IllegalClassExceptionTest.java,1.00,1.00.00,1.00.00,1.00.00,1.00.00,1.00.00,3,14,0,0,0
org.apache.commons.lang.IncompleteArgumentExceptionTest.java,org.apache.commons.lang.IncompleteArgumentExceptionTest,src/test/org/apache/commons/lang/IncompleteArgumentExceptionTest.java,1.00,1.00.00,1.00.00,1.00.00,1.00.00,1.00.00,3,12,0,0,0
org.apache.commons.lang.IntHashMapTest.java,org.apache.commons.lang.IntHashMapTest,src/test/org/apache/commons/lang/IntHashMapTest.java,6.00,6.00.00,6.00.00,6.00.00,6.00.00,6.00.00,3,9,0,0,0
org.apache.commons.lang.LangTestSuite.java,org.apache.commons.lang.LangTestSuite,src/test/org/apache/commons/lang/LangTestSuite.java,1.00,1.00.00,1.00.00,1.00.00,1.00.00,1.00.00,3,50,0,0,0
org.apache.commons.lang.LocaleUtilsTest.java,org.apache.commons.lang.LocaleUtilsTest,src/test/org/apache/commons/lang/LocaleUtilsTest.java,32.00,32.00.00,32.00.00,32.00.00,32.00.00,32.00.00,3,21,0,0,0
org.apache.commons.lang.NotImplementedExceptionTest.java,org.apache.commons.lang.NotImplementedExceptionTest,src/test/org/apache/commons/lang/NotImplementedExceptionTest.java,2.00,2.00.00,2.00.00,2.00.00,2.00.00,2.00.00,3,18,0,0,0
org.apache.commons.lang.NullArgumentExceptionTest.java,org.apache.commons.lang.NullArgumentExceptionTest,src/test/org/apache/commons/lang/NullArgumentExceptionTest.java,1.00,1.00.00,1.00.00,1.00.00,1.00.00,1.00.00,3,14,0,0,0
org.apache.commons.lang.NumberRangeTest.java,org.apache.commons.lang.NumberRangeTest,src/test/org/apache/commons/lang/NumberRangeTest.java,4.00,4.00.00,4.00.00,4.00.00,4.00.00,4.00.00,3,18,0,0,0
org.apache.commons.lang.NumberUtilsTest.java,org.apache.commons.lang.NumberUtilsTest,src/test/org/apache/commons/lang/NumberUtilsTest.java,6.00,6.00.00,6.00.00,6.00.00,6.00.00,6.00.00,3,23,0,0,0
org.apache.commons.lang.ObjectUtilsTest.java,org.apache.commons.lang.ObjectUtilsTest,src/test/org/apache/commons/lang/ObjectUtilsTest.java,1.00,1.00.00,1.00.00,1.00.00,1.00.00,1.00.00,3,33,0,0,0
org.apache.commons.lang.RandomStringUtilsTest.java,org.apache.commons.lang.RandomStringUtilsTest,src/test/org/apache/commons/lang/RandomStringUtilsTest.java,20.00,20.00.00,20.00.00,20.00.00,20.00.00,20.00.00,3,29,0,0,0
org.apache.commons.lang.SerializationUtilsTest.java,org.apache.commons.lang.SerializationUtilsTest,src/test/org/apache/commons/lang/SerializationUtilsTest.java,16.00,16.00.00,16.00.00,16.00.00,16.00.00,16.00.00,3,22,0,0,0
org.apache.commons.lang.StringEscapeUtilsTest.java,org.apache.commons.lang.StringEscapeUtilsTest,src/test/org/apache/commons/lang/StringEscapeUtilsTest.java,25.00,25.00.00,25.00.00,25.00.00,25.00.00,25.00.00,3,45,0,0,0
org.apache.commons.lang.StringUtilsEqualsIndexOfTest.java,org.apache.commons.lang.StringUtilsEqualsIndexOfTest,src/test/org/apache/commons/lang/StringUtilsEqualsIndexOfTest.java,1.00,1.00.00,1.00.00,1.00.00,1.00.00,1.00.00,3,24,0,0,0
org.apache.commons.lang.StringUtilsIsTest.java,org.apache.commons.lang.StringUtilsIsTest,src/test/org/apache/commons/lang/StringUtilsIsTest.java,1.00,1.00.00,1.00.00,1.00.00,1.00.00,1.00.00,3,20,0,0,0
org.apache.commons.lang.StringUtilsStartsEndsWithTest.java,org.apache.commons.lang.StringUtilsStartsEndsWithTest,src/test/org/apache/commons/lang/StringUtilsStartsEndsWithTest.java,1.00,1.00.00,1.00.00,1.00.00,1.00.00,1.00.00,3,5,0,0,0
org.apache.commons.lang.StringUtilsSubstringTest.java,org.apache.commons.lang.StringUtilsSubstringTest,src/test/org/apache/commons/lang/StringUtilsSubstringTest.java,1.00,1.00.00,1.00.00,1.00.00,1.00.00,1.00.00,3,29,0,0,0
org.apache.commons.lang.StringUtilsTest.java,org.apache.commons.lang.StringUtilsTest,src/test/org/apache/commons/lang/StringUtilsTest.java,39.00,39.00.00,39.00.00,39.00.00,39.00.00,39.00.00,3,112,0,0,0
org.apache.commons.lang.StringUtilsTrimEmptyTest.java,org.apache.commons.lang.StringUtilsTrimEmptyTest,src/test/org/apache/commons/lang/StringUtilsTrimEmptyTest.java,4.00,4.00.00,4.00.00,4.00.00,4.00.00,4.00.00,3,30,0,0,0
org.apache.commons.lang.SystemUtilsTest.java,org.apache.commons.lang.SystemUtilsTest,src/test/org/apache/commons/lang/SystemUtilsTest.java,32.00,32.00.00,32.00.00,32.00.00,32.00.00,32.00.00,3,27,0,0,0
org.apache.commons.lang.UnhandledExceptionTest.java,org.apache.commons.lang.UnhandledExceptionTest,src/test/org/apache/commons/lang/UnhandledExceptionTest.java,1.00,1.00.00,1.00.00,1.00.00,1.00.00,1.00.00,3,15,0,0,0
org.apache.commons.lang.ValidateTest.java,org.apache.commons.lang.ValidateTest,src/test/org/apache/commons/lang/ValidateTest.java,36.00,36.00.00,36.00.00,36.00.00,36.00.00,36.00.00,3,23,0,0,0
org.apache.commons.lang.WordUtilsTest.java,org.apache.commons.lang.WordUtilsTest,src/test/org/apache/commons/lang/WordUtilsTest.java,1.00,1.00.00,1.00.00,1.00.00,1.00.00,1.00.00,3,24,0,0,0
org.apache.commons.lang.builder.BuilderTestSuite.java,org.apache.commons.lang.builder.BuilderTestSuite,src/test/org/apache/commons/lang/builder/BuilderTestSuite.java,1.00,1.00.00,1.00.00,1.00.00,1.00.00,1.00.00,3,20,0,0,0
org.apache.commons.lang.builder.CompareToBuilderTest.java,org.apache.commons.lang.builder.CompareToBuilderTest,src/test/org/apache/commons/lang/builder/CompareToBuilderTest.java,34.00,34.00.00,34.00.00,34.00.00,34.00.00,34.00.00,3,22,0,0,0
org.apache.commons.lang.builder.DefaultToStringStyleTest.java,org.apache.commons.lang.builder.DefaultToStringStyleTest,src/test/org/apache/commons/lang/builder/DefaultToStringStyleTest.java,1.00,1.00.00,1.00.00,1.00.00,1.00.00,1.00.00,3,19,0,0,0
org.apache.commons.lang.builder.EqualsBuilderTest.java,org.apache.commons.lang.builder.EqualsBuilderTest,src/test/org/apache/commons/lang/builder/EqualsBuilderTest.java,39.00,39.00.00,39.00.00,39.00.00,39.00.00,39.00.00,3,32,0,0,0
org.apache.commons.lang.builder.HashCodeBuilderAndEqualsBuilderTest.java,org.apache.commons.lang.builder.HashCodeBuilderAndEqualsBuilderTest,src/test/org/apache/commons/lang/builder/HashCodeBuilderAndEqualsBuilderTest.java,2.00,2.00.00,2.00.00,2.00.00,2.00.00,2.00.00,3,15,0,0,0
org.apache.commons.lang.builder.HashCodeBuilderTest.java,org.apache.commons.lang.builder.HashCodeBuilderTest,src/test/org/apache/commons/lang/builder/HashCodeBuilderTest.java,13.00,13.00.00,13.00.00,13.00.00,13.00.00,13.00.00,3,25,0,0,0
org.apache.commons.lang.builder.MultiLineToStringStyleTest.java,org.apache.commons.lang.builder.MultiLineToStringStyleTest,src/test/org/apache/commons/lang/builder/MultiLineToStringStyleTest.java,1.00,1.00.00,1.00.00,1.00.00,1.00.00,1.00.00,3,22,0,0,0
org.apache.commons.lang.builder.NoFieldNamesToStringStyleTest.java,org.apache.commons.lang.builder.NoFieldNamesToStringStyleTest,src/test/org/apache/commons/lang/builder/NoFieldNamesToStringStyleTest.java,1.00,1.00.00,1.00.00,1.00.00,1.00.00,1.00.00,3,19,0,0,0
org.apache.commons.lang.builder.ReflectionToStringBuilderExcludeTest.java,org.apache.commons.lang.builder.ReflectionToStringBuilderExcludeTest,src/test/org/apache/commons/lang/builder/ReflectionToStringBuilderExcludeTest.java,1.00,1.00.00,1.00.00,1.00.00,1.00.00,1.00.00,3,11,0,0,0
org.apache.commons.lang.builder.ShortPrefixToStringStyleTest.java,org.apache.commons.lang.builder.ShortPrefixToStringStyleTest,src/test/org/apache/commons/lang/builder/ShortPrefixToStringStyleTest.java,1.00,1.00.00,1.00.00,1.00.00,1.00.00,1.00.00,3,17,0,0,0
org.apache.commons.lang.builder.SimpleToStringStyleTest.java,org.apache.commons.lang.builder.SimpleToStringStyleTest,src/test/org/apache/commons/lang/builder/SimpleToStringStyleTest.java,1.00,1.00.00,1.00.00,1.00.00,1.00.00,1.00.00,3,19,0,0,0
org.apache.commons.lang.builder.StandardToStringStyleTest.java,org.apache.commons.lang.builder.StandardToStringStyleTest,src/test/org/apache/commons/lang/builder/StandardToStringStyleTest.java,1.00,1.00.00,1.00.00,1.00.00,1.00.00,1.00.00,3,21,0,0,0
org.apache.commons.lang.builder.ToStringBuilderTest.java,org.apache.commons.lang.builder.ToStringBuilderTest,src/test/org/apache/commons/lang/builder/ToStringBuilderTest.java,4.00,4.00.00,4.00.00,4.00.00,4.00.00,4.00.00,3,38,0,0,0
org.apache.commons.lang.builder.ToStringStyleTest.java,org.apache.commons.lang.builder.ToStringStyleTest,src/test/org/apache/commons/lang/builder/ToStringStyleTest.java,1.00,1.00.00,1.00.00,1.00.00,1.00.00,1.00.00,3,12,0,0,0
org.apache.commons.lang.enum.Broken1Enum.java,org.apache.commons.lang.enum.Broken1Enum,src/test/org/apache/commons/lang/enum/Broken1Enum.java,1.00,1.00.00,1.00.00,1.00.00,1.00.00,1.00.00,3,13,0,0,0
org.apache.commons.lang.enum.Broken1OperationEnum.java,org.apache.commons.lang.enum.Broken1OperationEnum,src/test/org/apache/commons/lang/enum/Broken1OperationEnum.java,1.00,1.00.00,1.00.00,1.00.00,1.00.00,1.00.00,3,12,0,0,0
org.apache.commons.lang.enum.Broken2Enum.java,org.apache.commons.lang.enum.Broken2Enum,src/test/org/apache/commons/lang/enum/Broken2Enum.java,1.00,1.00.00,1.00.00,1.00.00,1.00.00,1.00.00,3,13,0,0,0
org.apache.commons.lang.enum.Broken2OperationEnum.java,org.apache.commons.lang.enum.Broken2OperationEnum,src/test/org/apache/commons/lang/enum/Broken2OperationEnum.java,1.00,1.00.00,1.00.00,1.00.00,1.00.00,1.00.00,3,12,0,0,0
org.apache.commons.lang.enum.Broken3Enum.java,org.apache.commons.lang.enum.Broken3Enum,src/test/org/apache/commons/lang/enum/Broken3Enum.java,1.00,1.00.00,1.00.00,1.00.00,1.00.00,1.00.00,3,13,0,0,0
org.apache.commons.lang.enum.Broken3OperationEnum.java,org.apache.commons.lang.enum.Broken3OperationEnum,src/test/org/apache/commons/lang/enum/Broken3OperationEnum.java,1.00,1.00.00,1.00.00,1.00.00,1.00.00,1.00.00,3,12,0,0,0
org.apache.commons.lang.enum.Broken4OperationEnum.java,org.apache.commons.lang.enum.Broken4OperationEnum,src/test/org/apache/commons/lang/enum/Broken4OperationEnum.java,1.00,1.00.00,1.00.00,1.00.00,1.00.00,1.00.00,3,12,0,0,0
org.apache.commons.lang.enum.Broken5OperationEnum.java,org.apache.commons.lang.enum.Broken5OperationEnum,src/test/org/apache/commons/lang/enum/Broken5OperationEnum.java,1.00,1.00.00,1.00.00,1.00.00,1.00.00,1.00.00,3,12,0,0,0
org.apache.commons.lang.enum.ColorEnum.java,org.apache.commons.lang.enum.ColorEnum,src/test/org/apache/commons/lang/enum/ColorEnum.java,1.00,1.00.00,1.00.00,1.00.00,1.00.00,1.00.00,3,13,0,0,0
org.apache.commons.lang.enum.DummyEnum.java,org.apache.commons.lang.enum.DummyEnum,src/test/org/apache/commons/lang/enum/DummyEnum.java,1.00,1.00.00,1.00.00,1.00.00,1.00.00,1.00.00,3,12,0,0,0
org.apache.commons.lang.enum.EnumTest.java,org.apache.commons.lang.enum.EnumTest,src/test/org/apache/commons/lang/enum/EnumTest.java,22.00,22.00.00,22.00.00,22.00.00,22.00.00,22.00.00,3,30,0,0,0
org.apache.commons.lang.enum.EnumTestSuite.java,org.apache.commons.lang.enum.EnumTestSuite,src/test/org/apache/commons/lang/enum/EnumTestSuite.java,1.00,1.00.00,1.00.00,1.00.00,1.00.00,1.00.00,3,13,0,0,0
org.apache.commons.lang.enum.EnumUtilsTest.java,org.apache.commons.lang.enum.EnumUtilsTest,src/test/org/apache/commons/lang/enum/EnumUtilsTest.java,11.00,11.00.00,11.00.00,11.00.00,11.00.00,11.00.00,3,16,0,0,0
org.apache.commons.lang.enum.Extended1Enum.java,org.apache.commons.lang.enum.Extended1Enum,src/test/org/apache/commons/lang/enum/Extended1Enum.java,1.00,1.00.00,1.00.00,1.00.00,1.00.00,1.00.00,3,11,0,0,0
org.apache.commons.lang.enum.Extended2Enum.java,org.apache.commons.lang.enum.Extended2Enum,src/test/org/apache/commons/lang/enum/Extended2Enum.java,1.00,1.00.00,1.00.00,1.00.00,1.00.00,1.00.00,3,11,0,0,0
org.apache.commons.lang.enum.Extended3Enum.java,org.apache.commons.lang.enum.Extended3Enum,src/test/org/apache/commons/lang/enum/Extended3Enum.java,1.00,1.00.00,1.00.00,1.00.00,1.00.00,1.00.00,3,11,0,0,0
org.apache.commons.lang.enum.Nest.java,org.apache.commons.lang.enum.Nest,src/test/org/apache/commons/lang/enum/Nest.java,1.00,1.00.00,1.00.00,1.00.00,1.00.00,1.00.00,3,11,0,0,0
org.apache.commons.lang.enum.NestBroken.java,org.apache.commons.lang.enum.NestBroken,src/test/org/apache/commons/lang/enum/NestBroken.java,1.00,1.00.00,1.00.00,1.00.00,1.00.00,1.00.00,3,11,0,0,0
org.apache.commons.lang.enum.NestLinked.java,org.apache.commons.lang.enum.NestLinked,src/test/org/apache/commons/lang/enum/NestLinked.java,1.00,1.00.00,1.00.00,1.00.00,1.00.00,1.00.00,3,11,0,0,0
org.apache.commons.lang.enum.NestReferenced.java,org.apache.commons.lang.enum.NestReferenced,src/test/org/apache/commons/lang/enum/NestReferenced.java,1.00,1.00.00,1.00.00,1.00.00,1.00.00,1.00.00,3,11,0,0,0
org.apache.commons.lang.enum.OperationEnum.java,org.apache.commons.lang.enum.OperationEnum,src/test/org/apache/commons/lang/enum/OperationEnum.java,1.00,1.00.00,1.00.00,1.00.00,1.00.00,1.00.00,3,16,0,0,0
org.apache.commons.lang.enum.ValuedColorEnum.java,org.apache.commons.lang.enum.ValuedColorEnum,src/test/org/apache/commons/lang/enum/ValuedColorEnum.java,1.00,1.00.00,1.00.00,1.00.00,1.00.00,1.00.00,3,13,0,0,0
org.apache.commons.lang.enum.ValuedEnumTest.java,org.apache.commons.lang.enum.ValuedEnumTest,src/test/org/apache/commons/lang/enum/ValuedEnumTest.java,1.00,1.00.00,1.00.00,1.00.00,1.00.00,1.00.00,3,17,0,0,0
org.apache.commons.lang.enums.Broken1Enum.java,org.apache.commons.lang.enums.Broken1Enum,src/test/org/apache/commons/lang/enums/Broken1Enum.java,1.00,1.00.00,1.00.00,1.00.00,1.00.00,1.00.00,3,10,0,0,0
org.apache.commons.lang.enums.Broken1OperationEnum.java,org.apache.commons.lang.enums.Broken1OperationEnum,src/test/org/apache/commons/lang/enums/Broken1OperationEnum.java,1.00,1.00.00,1.00.00,1.00.00,1.00.00,1.00.00,3,10,0,0,0
org.apache.commons.lang.enums.Broken2Enum.java,org.apache.commons.lang.enums.Broken2Enum,src/test/org/apache/commons/lang/enums/Broken2Enum.java,1.00,1.00.00,1.00.00,1.00.00,1.00.00,1.00.00,3,10,0,0,0
org.apache.commons.lang.enums.Broken2OperationEnum.java,org.apache.commons.lang.enums.Broken2OperationEnum,src/test/org/apache/commons/lang/enums/Broken2OperationEnum.java,1.00,1.00.00,1.00.00,1.00.00,1.00.00,1.00.00,3,10,0,0,0
org.apache.commons.lang.enums.Broken3Enum.java,org.apache.commons.lang.enums.Broken3Enum,src/test/org/apache/commons/lang/enums/Broken3Enum.java,1.00,1.00.00,1.00.00,1.00.00,1.00.00,1.00.00,3,10,0,0,0
org.apache.commons.lang.enums.Broken3OperationEnum.java,org.apache.commons.lang.enums.Broken3OperationEnum,src/test/org/apache/commons/lang/enums/Broken3OperationEnum.java,1.00,1.00.00,1.00.00,1.00.00,1.00.00,1.00.00,3,10,0,0,0
org.apache.commons.lang.enums.Broken4OperationEnum.java,org.apache.commons.lang.enums.Broken4OperationEnum,src/test/org/apache/commons/lang/enums/Broken4OperationEnum.java,1.00,1.00.00,1.00.00,1.00.00,1.00.00,1.00.00,3,10,0,0,0
org.apache.commons.lang.enums.Broken5OperationEnum.java,org.apache.commons.lang.enums.Broken5OperationEnum,src/test/org/apache/commons/lang/enums/Broken5OperationEnum.java,1.00,1.00.00,1.00.00,1.00.00,1.00.00,1.00.00,3,10,0,0,0
org.apache.commons.lang.enums.ColorEnum.java,org.apache.commons.lang.enums.ColorEnum,src/test/org/apache/commons/lang/enums/ColorEnum.java,1.00,1.00.00,1.00.00,1.00.00,1.00.00,1.00.00,3,10,0,0,0
org.apache.commons.lang.enums.DummyEnum.java,org.apache.commons.lang.enums.DummyEnum,src/test/org/apache/commons/lang/enums/DummyEnum.java,1.00,1.00.00,1.00.00,1.00.00,1.00.00,1.00.00,3,10,0,0,0
org.apache.commons.lang.enums.EnumEqualsTest.java,org.apache.commons.lang.enums.EnumEqualsTest,src/test/org/apache/commons/lang/enums/EnumEqualsTest.java,9.00,9.00.00,9.00.00,9.00.00,9.00.00,9.00.00,3,11,0,0,0
org.apache.commons.lang.enums.EnumTest.java,org.apache.commons.lang.enums.EnumTest,src/test/org/apache/commons/lang/enums/EnumTest.java,22.00,22.00.00,22.00.00,22.00.00,22.00.00,22.00.00,3,16,0,0,0
org.apache.commons.lang.enums.EnumTestSuite.java,org.apache.commons.lang.enums.EnumTestSuite,src/test/org/apache/commons/lang/enums/EnumTestSuite.java,1.00,1.00.00,1.00.00,1.00.00,1.00.00,1.00.00,3,11,0,0,0
org.apache.commons.lang.enums.EnumUtilsTest.java,org.apache.commons.lang.enums.EnumUtilsTest,src/test/org/apache/commons/lang/enums/EnumUtilsTest.java,11.00,11.00.00,11.00.00,11.00.00,11.00.00,11.00.00,3,10,0,0,0
org.apache.commons.lang.enums.Extended1Enum.java,org.apache.commons.lang.enums.Extended1Enum,src/test/org/apache/commons/lang/enums/Extended1Enum.java,1.00,1.00.00,1.00.00,1.00.00,1.00.00,1.00.00,3,8,0,0,0
org.apache.commons.lang.enums.Extended2Enum.java,org.apache.commons.lang.enums.Extended2Enum,src/test/org/apache/commons/lang/enums/Extended2Enum.java,1.00,1.00.00,1.00.00,1.00.00,1.00.00,1.00.00,3,8,0,0,0
org.apache.commons.lang.enums.Extended3Enum.java,org.apache.commons.lang.enums.Extended3Enum,src/test/org/apache/commons/lang/enums/Extended3Enum.java,1.00,1.00.00,1.00.00,1.00.00,1.00.00,1.00.00,3,8,0,0,0
org.apache.commons.lang.enums.Nest.java,org.apache.commons.lang.enums.Nest,src/test/org/apache/commons/lang/enums/Nest.java,1.00,1.00.00,1.00.00,1.00.00,1.00.00,1.00.00,3,10,0,0,0
org.apache.commons.lang.enums.NestBroken.java,org.apache.commons.lang.enums.NestBroken,src/test/org/apache/commons/lang/enums/NestBroken.java,1.00,1.00.00,1.00.00,1.00.00,1.00.00,1.00.00,3,10,0,0,0
org.apache.commons.lang.enums.NestLinked.java,org.apache.commons.lang.enums.NestLinked,src/test/org/apache/commons/lang/enums/NestLinked.java,1.00,1.00.00,1.00.00,1.00.00,1.00.00,1.00.00,3,10,0,0,0
org.apache.commons.lang.enums.NestReferenced.java,org.apache.commons.lang.enums.NestReferenced,src/test/org/apache/commons/lang/enums/NestReferenced.java,1.00,1.00.00,1.00.00,1.00.00,1.00.00,1.00.00,3,10,0,0,0
org.apache.commons.lang.enums.OperationEnum.java,org.apache.commons.lang.enums.OperationEnum,src/test/org/apache/commons/lang/enums/OperationEnum.java,1.00,1.00.00,1.00.00,1.00.00,1.00.00,1.00.00,3,10,0,0,0
org.apache.commons.lang.enums.ValuedColorEnum.java,org.apache.commons.lang.enums.ValuedColorEnum,src/test/org/apache/commons/lang/enums/ValuedColorEnum.java,1.00,1.00.00,1.00.00,1.00.00,1.00.00,1.00.00,3,10,0,0,0
org.apache.commons.lang.enums.ValuedEnumTest.java,org.apache.commons.lang.enums.ValuedEnumTest,src/test/org/apache/commons/lang/enums/ValuedEnumTest.java,9.00,9.00.00,9.00.00,9.00.00,9.00.00,9.00.00,3,11,0,0,0
org.apache.commons.lang.enums.ValuedLanguageEnum.java,org.apache.commons.lang.enums.ValuedLanguageEnum,src/test/org/apache/commons/lang/enums/ValuedLanguageEnum.java,1.00,1.00.00,1.00.00,1.00.00,1.00.00,1.00.00,3,7,0,0,0
org.apache.commons.lang.exception.AbstractNestableTestCase.java,org.apache.commons.lang.exception.AbstractNestableTestCase,src/test/org/apache/commons/lang/exception/AbstractNestableTestCase.java,23.00,23.00.00,23.00.00,23.00.00,23.00.00,23.00.00,3,16,0,0,0
org.apache.commons.lang.exception.ExceptionTestSuite.java,org.apache.commons.lang.exception.ExceptionTestSuite,src/test/org/apache/commons/lang/exception/ExceptionTestSuite.java,1.00,1.00.00,1.00.00,1.00.00,1.00.00,1.00.00,3,17,0,0,0
org.apache.commons.lang.exception.ExceptionUtilsTestCase.java,org.apache.commons.lang.exception.ExceptionUtilsTestCase,src/test/org/apache/commons/lang/exception/ExceptionUtilsTestCase.java,14.00,14.00.00,14.00.00,14.00.00,14.00.00,14.00.00,3,28,0,0,0
org.apache.commons.lang.exception.NestableDelegateTestCase.java,org.apache.commons.lang.exception.NestableDelegateTestCase,src/test/org/apache/commons/lang/exception/NestableDelegateTestCase.java,27.00,27.00.00,27.00.00,27.00.00,27.00.00,27.00.00,3,22,0,0,0
org.apache.commons.lang.exception.NestableErrorTestCase.java,org.apache.commons.lang.exception.NestableErrorTestCase,src/test/org/apache/commons/lang/exception/NestableErrorTestCase.java,1.00,1.00.00,1.00.00,1.00.00,1.00.00,1.00.00,3,16,0,0,0
org.apache.commons.lang.exception.NestableExceptionTestCase.java,org.apache.commons.lang.exception.NestableExceptionTestCase,src/test/org/apache/commons/lang/exception/NestableExceptionTestCase.java,6.00,6.00.00,6.00.00,6.00.00,6.00.00,6.00.00,3,21,0,0,0
org.apache.commons.lang.exception.NestableRuntimeExceptionTestCase.java,org.apache.commons.lang.exception.NestableRuntimeExceptionTestCase,src/test/org/apache/commons/lang/exception/NestableRuntimeExceptionTestCase.java,3.00,3.00.00,3.00.00,3.00.00,3.00.00,3.00.00,3,21,0,0,0
org.apache.commons.lang.math.AbstractRangeTest.java,org.apache.commons.lang.math.AbstractRangeTest,src/test/org/apache/commons/lang/math/AbstractRangeTest.java,1.00,1.00.00,1.00.00,1.00.00,1.00.00,1.00.00,3,16,0,0,0
org.apache.commons.lang.math.DoubleRangeTest.java,org.apache.commons.lang.math.DoubleRangeTest,src/test/org/apache/commons/lang/math/DoubleRangeTest.java,9.00,9.00.00,9.00.00,9.00.00,9.00.00,9.00.00,3,17,0,0,0
org.apache.commons.lang.math.FloatRangeTest.java,org.apache.commons.lang.math.FloatRangeTest,src/test/org/apache/commons/lang/math/FloatRangeTest.java,9.00,9.00.00,9.00.00,9.00.00,9.00.00,9.00.00,3,17,0,0,0
org.apache.commons.lang.math.FractionTest.java,org.apache.commons.lang.math.FractionTest,src/test/org/apache/commons/lang/math/FractionTest.java,78.00,78.00.00,78.00.00,78.00.00,78.00.00,78.00.00,3,22,0,0,0
org.apache.commons.lang.math.IntRangeTest.java,org.apache.commons.lang.math.IntRangeTest,src/test/org/apache/commons/lang/math/IntRangeTest.java,5.00,5.00.00,5.00.00,5.00.00,5.00.00,5.00.00,3,19,0,0,0
org.apache.commons.lang.math.LongRangeTest.java,org.apache.commons.lang.math.LongRangeTest,src/test/org/apache/commons/lang/math/LongRangeTest.java,5.00,5.00.00,5.00.00,5.00.00,5.00.00,5.00.00,3,17,0,0,0
org.apache.commons.lang.math.MathTestSuite.java,org.apache.commons.lang.math.MathTestSuite,src/test/org/apache/commons/lang/math/MathTestSuite.java,1.00,1.00.00,1.00.00,1.00.00,1.00.00,1.00.00,3,17,0,0,0
org.apache.commons.lang.math.NumberRangeTest.java,org.apache.commons.lang.math.NumberRangeTest,src/test/org/apache/commons/lang/math/NumberRangeTest.java,4.00,4.00.00,4.00.00,4.00.00,4.00.00,4.00.00,3,16,0,0,0
org.apache.commons.lang.math.NumberUtilsTest.java,org.apache.commons.lang.math.NumberUtilsTest,src/test/org/apache/commons/lang/math/NumberUtilsTest.java,34.00,34.00.00,34.00.00,34.00.00,34.00.00,34.00.00,3,36,0,0,0
org.apache.commons.lang.math.RandomUtilsTest.java,org.apache.commons.lang.math.RandomUtilsTest,src/test/org/apache/commons/lang/math/RandomUtilsTest.java,22.00,22.00.00,22.00.00,22.00.00,22.00.00,22.00.00,3,20,0,0,0
org.apache.commons.lang.math.RangeTest.java,org.apache.commons.lang.math.RangeTest,src/test/org/apache/commons/lang/math/RangeTest.java,3.00,3.00.00,3.00.00,3.00.00,3.00.00,3.00.00,3,11,0,0,0
org.apache.commons.lang.mutable.MutableBooleanTest.java,org.apache.commons.lang.mutable.MutableBooleanTest,src/test/org/apache/commons/lang/mutable/MutableBooleanTest.java,7.00,7.00.00,7.00.00,7.00.00,7.00.00,7.00.00,3,13,0,0,0
org.apache.commons.lang.mutable.MutableByteTest.java,org.apache.commons.lang.mutable.MutableByteTest,src/test/org/apache/commons/lang/mutable/MutableByteTest.java,7.00,7.00.00,7.00.00,7.00.00,7.00.00,7.00.00,3,18,0,0,0
org.apache.commons.lang.mutable.MutableDoubleTest.java,org.apache.commons.lang.mutable.MutableDoubleTest,src/test/org/apache/commons/lang/mutable/MutableDoubleTest.java,7.00,7.00.00,7.00.00,7.00.00,7.00.00,7.00.00,3,17,0,0,0
org.apache.commons.lang.mutable.MutableFloatTest.java,org.apache.commons.lang.mutable.MutableFloatTest,src/test/org/apache/commons/lang/mutable/MutableFloatTest.java,7.00,7.00.00,7.00.00,7.00.00,7.00.00,7.00.00,3,17,0,0,0
org.apache.commons.lang.mutable.MutableIntTest.java,org.apache.commons.lang.mutable.MutableIntTest,src/test/org/apache/commons/lang/mutable/MutableIntTest.java,7.00,7.00.00,7.00.00,7.00.00,7.00.00,7.00.00,3,16,0,0,0
org.apache.commons.lang.mutable.MutableLongTest.java,org.apache.commons.lang.mutable.MutableLongTest,src/test/org/apache/commons/lang/mutable/MutableLongTest.java,7.00,7.00.00,7.00.00,7.00.00,7.00.00,7.00.00,3,17,0,0,0
org.apache.commons.lang.mutable.MutableObjectTest.java,org.apache.commons.lang.mutable.MutableObjectTest,src/test/org/apache/commons/lang/mutable/MutableObjectTest.java,1.00,1.00.00,1.00.00,1.00.00,1.00.00,1.00.00,3,12,0,0,0
org.apache.commons.lang.mutable.MutableShortTest.java,org.apache.commons.lang.mutable.MutableShortTest,src/test/org/apache/commons/lang/mutable/MutableShortTest.java,7.00,7.00.00,7.00.00,7.00.00,7.00.00,7.00.00,3,17,0,0,0
org.apache.commons.lang.mutable.MutableTestSuite.java,org.apache.commons.lang.mutable.MutableTestSuite,src/test/org/apache/commons/lang/mutable/MutableTestSuite.java,1.00,1.00.00,1.00.00,1.00.00,1.00.00,1.00.00,3,16,0,0,0
org.apache.commons.lang.text.CompositeFormatTest.java,org.apache.commons.lang.text.CompositeFormatTest,src/test/org/apache/commons/lang/text/CompositeFormatTest.java,1.00,1.00.00,1.00.00,1.00.00,1.00.00,1.00.00,3,11,0,0,0
org.apache.commons.lang.text.StrBuilderAppendInsertTest.java,org.apache.commons.lang.text.StrBuilderAppendInsertTest,src/test/org/apache/commons/lang/text/StrBuilderAppendInsertTest.java,53.00,53.00.00,53.00.00,53.00.00,53.00.00,53.00.00,3,18,0,0,0
org.apache.commons.lang.text.StrBuilderTest.java,org.apache.commons.lang.text.StrBuilderTest,src/test/org/apache/commons/lang/text/StrBuilderTest.java,39.00,39.00.00,39.00.00,39.00.00,39.00.00,39.00.00,3,41,0,0,0
org.apache.commons.lang.text.StrLookupTest.java,org.apache.commons.lang.text.StrLookupTest,src/test/org/apache/commons/lang/text/StrLookupTest.java,2.00,2.00.00,2.00.00,2.00.00,2.00.00,2.00.00,3,9,0,0,0
org.apache.commons.lang.text.StrMatcherTest.java,org.apache.commons.lang.text.StrMatcherTest,src/test/org/apache/commons/lang/text/StrMatcherTest.java,1.00,1.00.00,1.00.00,1.00.00,1.00.00,1.00.00,3,10,0,0,0
org.apache.commons.lang.text.StrSubstitutorTest.java,org.apache.commons.lang.text.StrSubstitutorTest,src/test/org/apache/commons/lang/text/StrSubstitutorTest.java,13.00,13.00.00,13.00.00,13.00.00,13.00.00,13.00.00,3,13,0,0,0
org.apache.commons.lang.text.StrTokenizerTest.java,org.apache.commons.lang.text.StrTokenizerTest,src/test/org/apache/commons/lang/text/StrTokenizerTest.java,16.00,16.00.00,16.00.00,16.00.00,16.00.00,16.00.00,3,24,0,0,0
org.apache.commons.lang.text.TextTestSuite.java,org.apache.commons.lang.text.TextTestSuite,src/test/org/apache/commons/lang/text/TextTestSuite.java,1.00,1.00.00,1.00.00,1.00.00,1.00.00,1.00.00,3,24,0,0,0
org.apache.commons.lang.time.DateFormatUtilsTest.java,org.apache.commons.lang.time.DateFormatUtilsTest,src/test/org/apache/commons/lang/time/DateFormatUtilsTest.java,1.00,1.00.00,1.00.00,1.00.00,1.00.00,1.00.00,3,24,0,0,0
org.apache.commons.lang.time.DateUtilsTest.java,org.apache.commons.lang.time.DateUtilsTest,src/test/org/apache/commons/lang/time/DateUtilsTest.java,35.00,35.00.00,35.00.00,35.00.00,35.00.00,35.00.00,3,47,0,0,0
org.apache.commons.lang.time.DurationFormatUtilsTest.java,org.apache.commons.lang.time.DurationFormatUtilsTest,src/test/org/apache/commons/lang/time/DurationFormatUtilsTest.java,8.00,8.00.00,8.00.00,8.00.00,8.00.00,8.00.00,3,45,0,0,0
org.apache.commons.lang.time.FastDateFormatTest.java,org.apache.commons.lang.time.FastDateFormatTest,src/test/org/apache/commons/lang/time/FastDateFormatTest.java,1.00,1.00.00,1.00.00,1.00.00,1.00.00,1.00.00,3,26,0,0,0
org.apache.commons.lang.time.StopWatchTest.java,org.apache.commons.lang.time.StopWatchTest,src/test/org/apache/commons/lang/time/StopWatchTest.java,25.00,25.00.00,25.00.00,25.00.00,25.00.00,25.00.00,3,22,0,0,0
org.apache.commons.lang.time.TimeTestSuite.java,org.apache.commons.lang.time.TimeTestSuite,src/test/org/apache/commons/lang/time/TimeTestSuite.java,1.00,1.00.00,1.00.00,1.00.00,1.00.00,1.00.00,3,17,0,0,0
